sku;proveedor;codigo
3069175DCI;DC;3069175
3069172DCI;DC;3069172
3069173DCI;DC;3069173
307178DCI;DC;307178
307176DCI;DC;307176
307179DCI;DC;307179
307182DCI;DC;307182
307183DCI;DC;307183
307184DCI;DC;307184
307185DCI;DC;307185
307186DCI;DC;307186
308017DCI;DC;308017
308031DCI;DC;308031
308032DCI;DC;308032
308033DCI;DC;308033
308034DCI;DC;308034
308035DCI;DC;308035
308036DCI;DC;308036
308037DCI;DC;308037
308038DCI;DC;308038
308039DCI;DC;308039
308535DCI;DC;308535
308537DCI;DC;308537
308538DCI;DC;308538
308539DCI;DC;308539
308540DCI;DC;308540
308542DCI;DC;308542
308541DCI;DC;308541
308543DCI;DC;308543
308546DCI;DC;308546
308544DCI;DC;308544
308545DCI;DC;308545
308548DCI;DC;308548
308547DCI;DC;308547
308549DCI;DC;308549
308551DCI;DC;308551
308550DCI;DC;308550
308553DCI;DC;308553
308554DCI;DC;308554
308555DCI;DC;308555
308557DCI;DC;308557
308556DCI;DC;308556
308559DCI;DC;308559
308838DCI;DC;308838
308610DCI;DC;308610
308856DCI;DC;308856
308857DCI;DC;308857
308936DCI;DC;308936
308937DCI;DC;308937
308942DCI;DC;308942
308963DCI;DC;308963
308964DCI;DC;308964
308965DCI;DC;308965
308966DCI;DC;308966
308967DCI;DC;308967
308968DCI;DC;308968
308969DCI;DC;308969
308970DCI;DC;308970
308971DCI;DC;308971
308972DCI;DC;308972
308973DCI;DC;308973
308974DCI;DC;308974
308976DCI;DC;308976
308977DCI;DC;308977
308978DCI;DC;308978
308979DCI;DC;308979
308983DCI;DC;308983
308987DCI;DC;308987
308984DCI;DC;308984
309229DCI;DC;309229
308988DCI;DC;308988
308989DCI;DC;308989
309231DCI;DC;309231
309233DCI;DC;309233
309235DCI;DC;309235
309232DCI;DC;309232
309236DCI;DC;309236
309237DCI;DC;309237
309238DCI;DC;309238
309240DCI;DC;309240
309249DCI;DC;309249
309252DCI;DC;309252
309253DCI;DC;309253
309254DCI;DC;309254
309255DCI;DC;309255
309256DCI;DC;309256
309258DCI;DC;309258
309257DCI;DC;309257
309259DCI;DC;309259
309260DCI;DC;309260
309261DCI;DC;309261
309262DCI;DC;309262
309263DCI;DC;309263
309264DCI;DC;309264
309268DCI;DC;309268
309269DCI;DC;309269
309270DCI;DC;309270
309271DCI;DC;309271
309272DCI;DC;309272
309274DCI;DC;309274
309275DCI;DC;309275
309276DCI;DC;309276
309277DCI;DC;309277
309278DCI;DC;309278
309279DCI;DC;309279
309280DCI;DC;309280
309281DCI;DC;309281
309282DCI;DC;309282
309283DCI;DC;309283
309284DCI;DC;309284
309285DCI;DC;309285
309286DCI;DC;309286
309287DCI;DC;309287
309288DCI;DC;309288
309289DCI;DC;309289
309290DCI;DC;309290
309291DCI;DC;309291
309433DCI;DC;309433
309434DCI;DC;309434
309435DCI;DC;309435
309436DCI;DC;309436
309437DCI;DC;309437
309438DCI;DC;309438
309439DCI;DC;309439
309440DCI;DC;309440
309441DCI;DC;309441
309442DCI;DC;309442
309443DCI;DC;309443
309444DCI;DC;309444
309445DCI;DC;309445
309446DCI;DC;309446
309447DCI;DC;309447
309448DCI;DC;309448
309449DCI;DC;309449
309450DCI;DC;309450
309451DCI;DC;309451
309452DCI;DC;309452
309453DCI;DC;309453
309454DCI;DC;309454
309455DCI;DC;309455
309456DCI;DC;309456
309457DCI;DC;309457
309458DCI;DC;309458
309460DCI;DC;309460
309459DCI;DC;309459
309461DCI;DC;309461
309463DCI;DC;309463
309462DCI;DC;309462
309464DCI;DC;309464
309466DCI;DC;309466
309465DCI;DC;309465
309468DCI;DC;309468
309467DCI;DC;309467
309469DCI;DC;309469
309472DCI;DC;309472
309470DCI;DC;309470
309471DCI;DC;309471
309473DCI;DC;309473
309474DCI;DC;309474
309475DCI;DC;309475
309476DCI;DC;309476
309477DCI;DC;309477
309478DCI;DC;309478
309480DCI;DC;309480
309482DCI;DC;309482
309511DCI;DC;309511
309512DCI;DC;309512
309515DCI;DC;309515
309531DCI;DC;309531
309556DCI;DC;309556
309557DCI;DC;309557
309558DCI;DC;309558
309559DCI;DC;309559
309561DCI;DC;309561
309618DCI;DC;309618
309619DCI;DC;309619
309620DCI;DC;309620
309627DCI;DC;309627
3097128DCI;DC;3097128
3097173DCI;DC;3097173
3097174DCI;DC;3097174
3097175DCI;DC;3097175
3097176DCI;DC;3097176
3097177DCI;DC;3097177
3097178DCI;DC;3097178
3097182DCI;DC;3097182
3097183DCI;DC;3097183
3097184DCI;DC;3097184
3097185DCI;DC;3097185
3097186DCI;DC;3097186
3097187DCI;DC;3097187
3097188DCI;DC;3097188
3097192DCI;DC;3097192
3097191DCI;DC;3097191
3097193DCI;DC;3097193
3097196DCI;DC;3097196
3097194DCI;DC;3097194
3097200DCI;DC;3097200
3097202DCI;DC;3097202
3097204DCI;DC;3097204
3097205DCI;DC;3097205
3097207DCI;DC;3097207
3097208DCI;DC;3097208
3097209DCI;DC;3097209
3097210DCI;DC;3097210
3097211DCI;DC;3097211
3098110DCI;DC;3098110
3098197DCI;DC;3098197
3098198DCI;DC;3098198
3098199DCI;DC;3098199
3098201DCI;DC;3098201
3098202DCI;DC;3098202
3098203DCI;DC;3098203
3098204DCI;DC;3098204
3098205DCI;DC;3098205
3098206DCI;DC;3098206
3098207DCI;DC;3098207
3098210DCI;DC;3098210
3098212DCI;DC;3098212
3098214DCI;DC;3098214
3098215DCI;DC;3098215
3098216DCI;DC;3098216
3098217DCI;DC;3098217
3098221DCI;DC;3098221
3098223DCI;DC;3098223
3098222DCI;DC;3098222
3098230DCI;DC;3098230
3098224DCI;DC;3098224
3098244DCI;DC;3098244
3098247DCI;DC;3098247
3098249DCI;DC;3098249
3098251DCI;DC;3098251
3098253DCI;DC;3098253
3098254DCI;DC;3098254
3098252DCI;DC;3098252
3098255DCI;DC;3098255
3098256DCI;DC;3098256
3098257DCI;DC;3098257
3098270DCI;DC;3098270
3098267DCI;DC;3098267
3098268DCI;DC;3098268
3098277DCI;DC;3098277
3098275DCI;DC;3098275
3098278DCI;DC;3098278
3098281DCI;DC;3098281
3098288DCI;DC;3098288
3098285DCI;DC;3098285
3098291DCI;DC;3098291
3098300DCI;DC;3098300
3098302DCI;DC;3098302
3098298DCI;DC;3098298
3098304DCI;DC;3098304
3098305DCI;DC;3098305
3098307DCI;DC;3098307
3098306DCI;DC;3098306
3098310DCI;DC;3098310
3098308DCI;DC;3098308
3098309DCI;DC;3098309
3098312DCI;DC;3098312
3098314DCI;DC;3098314
3098315DCI;DC;3098315
3098316DCI;DC;3098316
3098320DCI;DC;3098320
3098322DCI;DC;3098322
3098325DCI;DC;3098325
3098326DCI;DC;3098326
3098327DCI;DC;3098327
3098331DCI;DC;3098331
3098336DCI;DC;3098336
3098332DCI;DC;3098332
3098333DCI;DC;3098333
3098337DCI;DC;3098337
3098339DCI;DC;3098339
3098340DCI;DC;3098340
3098344DCI;DC;3098344
3098343DCI;DC;3098343
3098345DCI;DC;3098345
3098348DCI;DC;3098348
3098346DCI;DC;3098346
3098349DCI;DC;3098349
3098352DCI;DC;3098352
3098353DCI;DC;3098353
3098354DCI;DC;3098354
3098357DCI;DC;3098357
3098355DCI;DC;3098355
3098361DCI;DC;3098361
3098363DCI;DC;3098363
3098365DCI;DC;3098365
3098367DCI;DC;3098367
3098369DCI;DC;3098369
3098371DCI;DC;3098371
3098374DCI;DC;3098374
3098376DCI;DC;3098376
3098375DCI;DC;3098375
3098377DCI;DC;3098377
3098403DCI;DC;3098403
3098404DCI;DC;3098404
3098405DCI;DC;3098405
3098406DCI;DC;3098406
3098407DCI;DC;3098407
3098408DCI;DC;3098408
3098409DCI;DC;3098409
3098410DCI;DC;3098410
3098411DCI;DC;3098411
3098412DCI;DC;3098412
3098413DCI;DC;3098413
3098414DCI;DC;3098414
3098418DCI;DC;3098418
3098415DCI;DC;3098415
3098419DCI;DC;3098419
3098420DCI;DC;3098420
3098422DCI;DC;3098422
3098423DCI;DC;3098423
3098425DCI;DC;3098425
3098424DCI;DC;3098424
3098427DCI;DC;3098427
3098429DCI;DC;3098429
3098428DCI;DC;3098428
3098430DCI;DC;3098430
3098431DCI;DC;3098431
3098432DCI;DC;3098432
3098433DCI;DC;3098433
3098434DCI;DC;3098434
3098443DCI;DC;3098443
3098451DCI;DC;3098451
3098452DCI;DC;3098452
3098453DCI;DC;3098453
3098454DCI;DC;3098454
3098455DCI;DC;3098455
3098456DCI;DC;3098456
3098459DCI;DC;3098459
3098460DCI;DC;3098460
3098465DCI;DC;3098465
3098462DCI;DC;3098462
3098466DCI;DC;3098466
3098469DCI;DC;3098469
3098471DCI;DC;3098471
3098468DCI;DC;3098468
3098472DCI;DC;3098472
3098473DCI;DC;3098473
3098476DCI;DC;3098476
3098477DCI;DC;3098477
3098478DCI;DC;3098478
3098479DCI;DC;3098479
3098480DCI;DC;3098480
3098481DCI;DC;3098481
3098482DCI;DC;3098482
3098487DCI;DC;3098487
3098483DCI;DC;3098483
3098495DCI;DC;3098495
3098496DCI;DC;3098496
3098497DCI;DC;3098497
3098498DCI;DC;3098498
3098499DCI;DC;3098499
3098500DCI;DC;3098500
3098501DCI;DC;3098501
3098502DCI;DC;3098502
3098504DCI;DC;3098504
3098503DCI;DC;3098503
3098505DCI;DC;3098505
3098507DCI;DC;3098507
3098506DCI;DC;3098506
309853DCI;DC;309853
309856DCI;DC;309856
310210DCI;DC;310210
310211DCI;DC;310211
310213DCI;DC;310213
310212DCI;DC;310212
310214DCI;DC;310214
310215DCI;DC;310215
310423DCI;DC;310423
310509DCI;DC;310509
310510DCI;DC;310510
310511DCI;DC;310511
310512DCI;DC;310512
310513DCI;DC;310513
3107100DCI;DC;3107100
310715DCI;DC;310715
310718DCI;DC;310718
310726DCI;DC;310726
310727DCI;DC;310727
310728DCI;DC;310728
310729DCI;DC;310729
310730DCI;DC;310730
310731DCI;DC;310731
310734DCI;DC;310734
212580SGI;DC;212580
212581SGI;DC;212581
212583SGI;DC;212583
212585SGI;DC;212585
212586SGI;DC;212586
212587SGI;DC;212587
212588SGI;DC;212588
21821231SGI;DC;21821231
21821232SGI;DC;21821232
21821233SGI;DC;21821233
21821236SGI;DC;21821236
21821241SGI;DC;21821241
21821243SGI;DC;21821243
21821244SGI;DC;21821244
21821245SGI;DC;21821245
21821246SGI;DC;21821246
21821247SGI;DC;21821247
21821248SGI;DC;21821248
21821249SGI;DC;21821249
21821251SGI;DC;21821251
21821250SGI;DC;21821250
21821252SGI;DC;21821252
21821253SGI;DC;21821253
21821254SGI;DC;21821254
21821257SGI;DC;21821257
21821258SGI;DC;21821258
21821259SGI;DC;21821259
21821260SGI;DC;21821260
21821261SGI;DC;21821261
21821265SGI;DC;21821265
21821266SGI;DC;21821266
2182228SGI;DC;2182228
21851000DCI;DC;21851000
21851001DCI;DC;21851001
21851006DCI;DC;21851006
21851002DCI;DC;21851002
21851005DCI;DC;21851005
21851009DCI;DC;21851009
21851010DCI;DC;21851010
21851013DCI;DC;21851013
21851014DCI;DC;21851014
21851017DCI;DC;21851017
21851018DCI;DC;21851018
21851021DCI;DC;21851021
21851022DCI;DC;21851022
21851025DCI;DC;21851025
21851026DCI;DC;21851026
21851029DCI;DC;21851029
21851030DCI;DC;21851030
21851033DCI;DC;21851033
21851034DCI;DC;21851034
21851036DCI;DC;21851036
21851035DCI;DC;21851035
21851037DCI;DC;21851037
21851038DCI;DC;21851038
21851039DCI;DC;21851039
21851040DCI;DC;21851040
21851041DCI;DC;21851041
21851042DCI;DC;21851042
21851044DCI;DC;21851044
21851046DCI;DC;21851046
21851045DCI;DC;21851045
21851047DCI;DC;21851047
2185818DCI;DC;2185818
2185893DCI;DC;2185893
2185896DCI;DC;2185896
2185897DCI;DC;2185897
2185899DCI;DC;2185899
2185902DCI;DC;2185902
2185906DCI;DC;2185906
2185907DCI;DC;2185907
2185910DCI;DC;2185910
2185913DCI;DC;2185913
2185914DCI;DC;2185914
2185920DCI;DC;2185920
2185917DCI;DC;2185917
2185921DCI;DC;2185921
2185922DCI;DC;2185922
2185923DCI;DC;2185923
2185924DCI;DC;2185924
2185926DCI;DC;2185926
2185927DCI;DC;2185927
2185928DCI;DC;2185928
2185929DCI;DC;2185929
2185930DCI;DC;2185930
2185931DCI;DC;2185931
2185932DCI;DC;2185932
2185933DCI;DC;2185933
2185934DCI;DC;2185934
2185935DCI;DC;2185935
2185936DCI;DC;2185936
2185937DCI;DC;2185937
2185938DCI;DC;2185938
2185939DCI;DC;2185939
2185940DCI;DC;2185940
2185941DCI;DC;2185941
2185942DCI;DC;2185942
2185943DCI;DC;2185943
2185944DCI;DC;2185944
2185945DCI;DC;2185945
2185946DCI;DC;2185946
2185948DCI;DC;2185948
2185947DCI;DC;2185947
2185949DCI;DC;2185949
2185950DCI;DC;2185950
2185951DCI;DC;2185951
2185952DCI;DC;2185952
2185953DCI;DC;2185953
2185954DCI;DC;2185954
2185955DCI;DC;2185955
2185957DCI;DC;2185957
2185956DCI;DC;2185956
2185958DCI;DC;2185958
2185959DCI;DC;2185959
2185960DCI;DC;2185960
2185961DCI;DC;2185961
2185962DCI;DC;2185962
2185963DCI;DC;2185963
2185964DCI;DC;2185964
2185966DCI;DC;2185966
2185965DCI;DC;2185965
2185967DCI;DC;2185967
2185968DCI;DC;2185968
2185969DCI;DC;2185969
2185970DCI;DC;2185970
2185971DCI;DC;2185971
2185972DCI;DC;2185972
2185973DCI;DC;2185973
2185974DCI;DC;2185974
2185975DCI;DC;2185975
2185976DCI;DC;2185976
2185977DCI;DC;2185977
2185978DCI;DC;2185978
2185979DCI;DC;2185979
2185980DCI;DC;2185980
2185981DCI;DC;2185981
2185982DCI;DC;2185982
2185983DCI;DC;2185983
2185984DCI;DC;2185984
2185985DCI;DC;2185985
2185986DCI;DC;2185986
2185987DCI;DC;2185987
2185988DCI;DC;2185988
2185989DCI;DC;2185989
2185991DCI;DC;2185991
2185990DCI;DC;2185990
2185992DCI;DC;2185992
2185993DCI;DC;2185993
2185994DCI;DC;2185994
2185995DCI;DC;2185995
2185996DCI;DC;2185996
2185997DCI;DC;2185997
2185998DCI;DC;2185998
2185999DCI;DC;2185999
22212793DCI;DC;22212793
22213062DCI;DC;22213062
22213071DCI;DC;22213071
22213074DCI;DC;22213074
22213073DCI;DC;22213073
22213075DCI;DC;22213075
22213076DCI;DC;22213076
22213077DCI;DC;22213077
22213078DCI;DC;22213078
22213079DCI;DC;22213079
22213081DCI;DC;22213081
22213080DCI;DC;22213080
22213082DCI;DC;22213082
22213085DCI;DC;22213085
22213084DCI;DC;22213084
22213086DCI;DC;22213086
22213088DCI;DC;22213088
22213087DCI;DC;22213087
22213089DCI;DC;22213089
22213090DCI;DC;22213090
22213091DCI;DC;22213091
22213092DCI;DC;22213092
22213093DCI;DC;22213093
22213094DCI;DC;22213094
22213097DCI;DC;22213097
22213096DCI;DC;22213096
22213095DCI;DC;22213095
22213099DCI;DC;22213099
22213100DCI;DC;22213100
22213101DCI;DC;22213101
22213104DCI;DC;22213104
22213106DCI;DC;22213106
22213107DCI;DC;22213107
22213108DCI;DC;22213108
22213109DCI;DC;22213109
2293843DCI;DC;2293843
2293845DCI;DC;2293845
2293844DCI;DC;2293844
2293846DCI;DC;2293846
2293847DCI;DC;2293847
2293848DCI;DC;2293848
2293849DCI;DC;2293849
2293851DCI;DC;2293851
2293850DCI;DC;2293850
2293852DCI;DC;2293852
2293853DCI;DC;2293853
2293854DCI;DC;2293854
2293855DCI;DC;2293855
2293856DCI;DC;2293856
2293857DCI;DC;2293857
2293858DCI;DC;2293858
2293859DCI;DC;2293859
2293860DCI;DC;2293860
2293861DCI;DC;2293861
2293863DCI;DC;2293863
2293864DCI;DC;2293864
2293865DCI;DC;2293865
2293867DCI;DC;2293867
2293868DCI;DC;2293868
2293869DCI;DC;2293869
2293871DCI;DC;2293871
2293870DCI;DC;2293870
2293872DCI;DC;2293872
2293873DCI;DC;2293873
2293874DCI;DC;2293874
2293876DCI;DC;2293876
2293877DCI;DC;2293877
2293878DCI;DC;2293878
2293879DCI;DC;2293879
2293880DCI;DC;2293880
2293881DCI;DC;2293881
2293882DCI;DC;2293882
2293883DCI;DC;2293883
2293884DCI;DC;2293884
2293885DCI;DC;2293885
2293886DCI;DC;2293886
2293887DCI;DC;2293887
2293888DCI;DC;2293888
2293889DCI;DC;2293889
2293890DCI;DC;2293890
2293891DCI;DC;2293891
2293892DCI;DC;2293892
2293893DCI;DC;2293893
2293894DCI;DC;2293894
2293895DCI;DC;2293895
2293896DCI;DC;2293896
2293897DCI;DC;2293897
2293898DCI;DC;2293898
2293899DCI;DC;2293899
2293900DCI;DC;2293900
2293903DCI;DC;2293903
2293906DCI;DC;2293906
2293908DCI;DC;2293908
2297103DCI;DC;2297103
2297104DCI;DC;2297104
2297110DCI;DC;2297110
2297111DCI;DC;2297111
2297112DCI;DC;2297112
2297113DCI;DC;2297113
2297114DCI;DC;2297114
2297115DCI;DC;2297115
2297116DCI;DC;2297116
2297118DCI;DC;2297118
2297117DCI;DC;2297117
2297119DCI;DC;2297119
2297120DCI;DC;2297120
2297121DCI;DC;2297121
2297122DCI;DC;2297122
2297123DCI;DC;2297123
2297124DCI;DC;2297124
2297127DCI;DC;2297127
2297126DCI;DC;2297126
2297128DCI;DC;2297128
2297129DCI;DC;2297129
2297130DCI;DC;2297130
2297131DCI;DC;2297131
2297132DCI;DC;2297132
2297133DCI;DC;2297133
2297134DCI;DC;2297134
2297135DCI;DC;2297135
2297136DCI;DC;2297136
2297137DCI;DC;2297137
2297138DCI;DC;2297138
2297139DCI;DC;2297139
2297140DCI;DC;2297140
2297142DCI;DC;2297142
2297143DCI;DC;2297143
2297144DCI;DC;2297144
2297145DCI;DC;2297145
2297147DCI;DC;2297147
2297146DCI;DC;2297146
2297148DCI;DC;2297148
2297149DCI;DC;2297149
2297150DCI;DC;2297150
2297151DCI;DC;2297151
2297152DCI;DC;2297152
2297153DCI;DC;2297153
2297154DCI;DC;2297154
2297155DCI;DC;2297155
2297156DCI;DC;2297156
2297157DCI;DC;2297157
2297158DCI;DC;2297158
2297159DCI;DC;2297159
23481715DCI;DC;23481715
23481178DCI;DC;23481178
23481716DCI;DC;23481716
23481720DCI;DC;23481720
23481717DCI;DC;23481717
23481718DCI;DC;23481718
23481722DCI;DC;23481722
23481721DCI;DC;23481721
23481723DCI;DC;23481723
23481724DCI;DC;23481724
23481725DCI;DC;23481725
23481726DCI;DC;23481726
23481727DCI;DC;23481727
23481728DCI;DC;23481728
23481729DCI;DC;23481729
23481730DCI;DC;23481730
23481731DCI;DC;23481731
23481732DCI;DC;23481732
23481733DCI;DC;23481733
23481734DCI;DC;23481734
23481735DCI;DC;23481735
23481736DCI;DC;23481736
2466350DCI;DC;2466350
2466383DCI;DC;2466383
2466384DCI;DC;2466384
2466388DCI;DC;2466388
2466393DCI;DC;2466393
2466402DCI;DC;2466402
2466406DCI;DC;2466406
2466407DCI;DC;2466407
2466408DCI;DC;2466408
2466409DCI;DC;2466409
2466412DCI;DC;2466412
2466413DCI;DC;2466413
2466414DCI;DC;2466414
2466416DCI;DC;2466416
2466419DCI;DC;2466419
2466420DCI;DC;2466420
2466421DCI;DC;2466421
2466424DCI;DC;2466424
2466425DCI;DC;2466425
2466426DCI;DC;2466426
2466427DCI;DC;2466427
2466428DCI;DC;2466428
2466429DCI;DC;2466429
2466430DCI;DC;2466430
2466431DCI;DC;2466431
2466432DCI;DC;2466432
2466436DCI;DC;2466436
2466438DCI;DC;2466438
2466441DCI;DC;2466441
2471101DCI;DC;2471101
2471119DCI;DC;2471119
2471120DCI;DC;2471120
247178DCI;DC;247178
2471124DCI;DC;2471124
2526121DCI;DC;2526121
2526122DCI;DC;2526122
2526123DCI;DC;2526123
2526124DCI;DC;2526124
2526125DCI;DC;2526125
2526127DCI;DC;2526127
2526129DCI;DC;2526129
2526130DCI;DC;2526130
2526131DCI;DC;2526131
2526132DCI;DC;2526132
2526133DCI;DC;2526133
2526134DCI;DC;2526134
259327DCI;DC;259327
259328DCI;DC;259328
2597685DCI;DC;2597685
2597706DCI;DC;2597706
2597708DCI;DC;2597708
2597709DCI;DC;2597709
2597710DCI;DC;2597710
2597711DCI;DC;2597711
2597712DCI;DC;2597712
2597713DCI;DC;2597713
2597714DCI;DC;2597714
2597716DCI;DC;2597716
2597717DCI;DC;2597717
2597718DCI;DC;2597718
2597720DCI;DC;2597720
2597721DCI;DC;2597721
2597722DCI;DC;2597722
2597723DCI;DC;2597723
2597727DCI;DC;2597727
2597728DCI;DC;2597728
2597729DCI;DC;2597729
2597732DCI;DC;2597732
26631208DCI;DC;26631208
26631211DCI;DC;26631211
26631212DCI;DC;26631212
26631237DCI;DC;26631237
26631252DCI;DC;26631252
26631253DCI;DC;26631253
26631268DCI;DC;26631268
26631269DCI;DC;26631269
26631273DCI;DC;26631273
26631274DCI;DC;26631274
26631276DCI;DC;26631276
26631280DCI;DC;26631280
26631282DCI;DC;26631282
26631283DCI;DC;26631283
26631284DCI;DC;26631284
26631287DCI;DC;26631287
26631289DCI;DC;26631289
26631309DCI;DC;26631309
26631312DCI;DC;26631312
26631310DCI;DC;26631310
26631313DCI;DC;26631313
26631314DCI;DC;26631314
26631322DCI;DC;26631322
26631330DCI;DC;26631330
26631331DCI;DC;26631331
26631332DCI;DC;26631332
26631333DCI;DC;26631333
26631335DCI;DC;26631335
26631336DCI;DC;26631336
26631337DCI;DC;26631337
26631338DCI;DC;26631338
26631339DCI;DC;26631339
26631340DCI;DC;26631340
26631341DCI;DC;26631341
26631342DCI;DC;26631342
26631343DCI;DC;26631343
26631345DCI;DC;26631345
26631346DCI;DC;26631346
26631347DCI;DC;26631347
26631349DCI;DC;26631349
26631350DCI;DC;26631350
26631351DCI;DC;26631351
26631356DCI;DC;26631356
26631357DCI;DC;26631357
26631359DCI;DC;26631359
26631360DCI;DC;26631360
26631363DCI;DC;26631363
26631365DCI;DC;26631365
26631369DCI;DC;26631369
26631370DCI;DC;26631370
26631373DCI;DC;26631373
26631371DCI;DC;26631371
2676140DCI;DC;2676140
2676142DCI;DC;2676142
2676143DCI;DC;2676143
2676144DCI;DC;2676144
2676159DCI;DC;2676159
2676180DCI;DC;2676180
2676225DCI;DC;2676225
2676232DCI;DC;2676232
2676260DCI;DC;2676260
2676277DCI;DC;2676277
2676279DCI;DC;2676279
2676294DCI;DC;2676294
2676310DCI;DC;2676310
2676311DCI;DC;2676311
2676312DCI;DC;2676312
2676313DCI;DC;2676313
2676319DCI;DC;2676319
2676321DCI;DC;2676321
2676325DCI;DC;2676325
2676326DCI;DC;2676326
2676336DCI;DC;2676336
2676337DCI;DC;2676337
2676338DCI;DC;2676338
2676341DCI;DC;2676341
2676342DCI;DC;2676342
2676343DCI;DC;2676343
2676344DCI;DC;2676344
2676345DCI;DC;2676345
2676352DCI;DC;2676352
2676354DCI;DC;2676354
2676355DCI;DC;2676355
2676364DCI;DC;2676364
2676369DCI;DC;2676369
2676370DCI;DC;2676370
2676371DCI;DC;2676371
2676372DCI;DC;2676372
2676373DCI;DC;2676373
2676374DCI;DC;2676374
2676375DCI;DC;2676375
2676378DCI;DC;2676378
2676376DCI;DC;2676376
2676379DCI;DC;2676379
2676380DCI;DC;2676380
2676381DCI;DC;2676381
2676386DCI;DC;2676386
2676387DCI;DC;2676387
2676389DCI;DC;2676389
2676392DCI;DC;2676392
2676395DCI;DC;2676395
2676394DCI;DC;2676394
2676396DCI;DC;2676396
2676397DCI;DC;2676397
2676398DCI;DC;2676398
2676399DCI;DC;2676399
2676401DCI;DC;2676401
2676402DCI;DC;2676402
2676403DCI;DC;2676403
2676404DCI;DC;2676404
2676405DCI;DC;2676405
2676406DCI;DC;2676406
2676407DCI;DC;2676407
2676408DCI;DC;2676408
2676409DCI;DC;2676409
2676410DCI;DC;2676410
2676411DCI;DC;2676411
2676412DCI;DC;2676412
2676414DCI;DC;2676414
2676415DCI;DC;2676415
2676416DCI;DC;2676416
2676417DCI;DC;2676417
2676418DCI;DC;2676418
2676419DCI;DC;2676419
2676420DCI;DC;2676420
2676421DCI;DC;2676421
2676422DCI;DC;2676422
2676423DCI;DC;2676423
2676424DCI;DC;2676424
2676425DCI;DC;2676425
2676426DCI;DC;2676426
2676427DCI;DC;2676427
2676428DCI;DC;2676428
2676429DCI;DC;2676429
2676432DCI;DC;2676432
2676437DCI;DC;2676437
2676438DCI;DC;2676438
2676443DCI;DC;2676443
2676441DCI;DC;2676441
2676444DCI;DC;2676444
2676447DCI;DC;2676447
2676446DCI;DC;2676446
2676448DCI;DC;2676448
2676449DCI;DC;2676449
2676450DCI;DC;2676450
2676451DCI;DC;2676451
2676452DCI;DC;2676452
2676453DCI;DC;2676453
2676454DCI;DC;2676454
2676455DCI;DC;2676455
2676456DCI;DC;2676456
2676457DCI;DC;2676457
2676459DCI;DC;2676459
2676458DCI;DC;2676458
2676460DCI;DC;2676460
2676461DCI;DC;2676461
2676462DCI;DC;2676462
2676463DCI;DC;2676463
2676464DCI;DC;2676464
2676465DCI;DC;2676465
2676466DCI;DC;2676466
2676467DCI;DC;2676467
2676468DCI;DC;2676468
2676469DCI;DC;2676469
2676470DCI;DC;2676470
2676471DCI;DC;2676471
2676472DCI;DC;2676472
2676473DCI;DC;2676473
2676474DCI;DC;2676474
2676475DCI;DC;2676475
2676476DCI;DC;2676476
2676477DCI;DC;2676477
2676478DCI;DC;2676478
2676479DCI;DC;2676479
2676480DCI;DC;2676480
2676481DCI;DC;2676481
2676482DCI;DC;2676482
2676483DCI;DC;2676483
2676484DCI;DC;2676484
2676486DCI;DC;2676486
2676485DCI;DC;2676485
2676487DCI;DC;2676487
2676489DCI;DC;2676489
2676488DCI;DC;2676488
2676491DCI;DC;2676491
2676490DCI;DC;2676490
2676492DCI;DC;2676492
2676493DCI;DC;2676493
2676495DCI;DC;2676495
2676494DCI;DC;2676494
2676496DCI;DC;2676496
2676498DCI;DC;2676498
2676497DCI;DC;2676497
2676499DCI;DC;2676499
2676501DCI;DC;2676501
2676500DCI;DC;2676500
2676503DCI;DC;2676503
2676502DCI;DC;2676502
2676504DCI;DC;2676504
2676506DCI;DC;2676506
2676505DCI;DC;2676505
2676507DCI;DC;2676507
2684343DCI;DC;2684343
2676508DCI;DC;2676508
2684344DCI;DC;2684344
2684346DCI;DC;2684346
2684345DCI;DC;2684345
2689140DCI;DC;2689140
2705141DCI;DC;2705141
2705142DCI;DC;2705142
2705143DCI;DC;2705143
2705147DCI;DC;2705147
2705144DCI;DC;2705144
2705148DCI;DC;2705148
2714480DCI;DC;2714480
2714478DCI;DC;2714478
2714484DCI;DC;2714484
2714486DCI;DC;2714486
2714488DCI;DC;2714488
2714490DCI;DC;2714490
2714491DCI;DC;2714491
2714492DCI;DC;2714492
2714493DCI;DC;2714493
2714494DCI;DC;2714494
2714495DCI;DC;2714495
2714496DCI;DC;2714496
2714498DCI;DC;2714498
2714499DCI;DC;2714499
2714500DCI;DC;2714500
2714505DCI;DC;2714505
2714506DCI;DC;2714506
2714507DCI;DC;2714507
2714510DCI;DC;2714510
2714508DCI;DC;2714508
2714511DCI;DC;2714511
2714512DCI;DC;2714512
2714514DCI;DC;2714514
2714515DCI;DC;2714515
2714516DCI;DC;2714516
2714522DCI;DC;2714522
2714524DCI;DC;2714524
2714526DCI;DC;2714526
2714528DCI;DC;2714528
2714530DCI;DC;2714530
2714531DCI;DC;2714531
2714534DCI;DC;2714534
2714538DCI;DC;2714538
2714542DCI;DC;2714542
2714543DCI;DC;2714543
2714544DCI;DC;2714544
2714545DCI;DC;2714545
2714546DCI;DC;2714546
2714547DCI;DC;2714547
2714553DCI;DC;2714553
2714557DCI;DC;2714557
2714561DCI;DC;2714561
2714562DCI;DC;2714562
2714563DCI;DC;2714563
2714564DCI;DC;2714564
2714565DCI;DC;2714565
2714567DCI;DC;2714567
2714568DCI;DC;2714568
2714569DCI;DC;2714569
2714575DCI;DC;2714575
2714578DCI;DC;2714578
2714579DCI;DC;2714579
2714580DCI;DC;2714580
2714581DCI;DC;2714581
2714582DCI;DC;2714582
2714585DCI;DC;2714585
2714584DCI;DC;2714584
2714586DCI;DC;2714586
2714591DCI;DC;2714591
2714589DCI;DC;2714589
2714593DCI;DC;2714593
2714596DCI;DC;2714596
2714594DCI;DC;2714594
2714597DCI;DC;2714597
2714598DCI;DC;2714598
2714599DCI;DC;2714599
2714601DCI;DC;2714601
2714600DCI;DC;2714600
2714602DCI;DC;2714602
2714605DCI;DC;2714605
2714606DCI;DC;2714606
2714607DCI;DC;2714607
271689DCI;DC;271689
2714608DCI;DC;2714608
271688DCI;DC;271688
271690DCI;DC;271690
271693DCI;DC;271693
2726421DCI;DC;2726421
2726425DCI;DC;2726425
2726426DCI;DC;2726426
2726424DCI;DC;2726424
2726427DCI;DC;2726427
2726428DCI;DC;2726428
2726429DCI;DC;2726429
2726430DCI;DC;2726430
2726431DCI;DC;2726431
2726432DCI;DC;2726432
2726434DCI;DC;2726434
2726433DCI;DC;2726433
2726435DCI;DC;2726435
2726437DCI;DC;2726437
2726436DCI;DC;2726436
2726438DCI;DC;2726438
2726439DCI;DC;2726439
2726440DCI;DC;2726440
2726441DCI;DC;2726441
2726442DCI;DC;2726442
2726443DCI;DC;2726443
2726444DCI;DC;2726444
2726445DCI;DC;2726445
272742DCI;DC;272742
272743DCI;DC;272743
272744DCI;DC;272744
272745DCI;DC;272745
272746DCI;DC;272746
272747DCI;DC;272747
272748DCI;DC;272748
272749DCI;DC;272749
272750DCI;DC;272750
272751DCI;DC;272751
2758654DCI;DC;2758654
2758653DCI;DC;2758653
2758655DCI;DC;2758655
2758656DCI;DC;2758656
2758657DCI;DC;2758657
2758658DCI;DC;2758658
2758660DCI;DC;2758660
2758659DCI;DC;2758659
2758661DCI;DC;2758661
2758662DCI;DC;2758662
2758663DCI;DC;2758663
2758664DCI;DC;2758664
2758665DCI;DC;2758665
2758666DCI;DC;2758666
2758667DCI;DC;2758667
2758669DCI;DC;2758669
2758668DCI;DC;2758668
2758670DCI;DC;2758670
2758671DCI;DC;2758671
2758673DCI;DC;2758673
2758674DCI;DC;2758674
2758675DCI;DC;2758675
2758677DCI;DC;2758677
2758678DCI;DC;2758678
2758679DCI;DC;2758679
2758680DCI;DC;2758680
2758681DCI;DC;2758681
2758682DCI;DC;2758682
2758683DCI;DC;2758683
27761091DCI;DC;27761091
27761107DCI;DC;27761107
27761112DCI;DC;27761112
27761137DCI;DC;27761137
27761139DCI;DC;27761139
27761140DCI;DC;27761140
27761141DCI;DC;27761141
27761142DCI;DC;27761142
27761143DCI;DC;27761143
27761144DCI;DC;27761144
27761156DCI;DC;27761156
27761158DCI;DC;27761158
27761160DCI;DC;27761160
27761161DCI;DC;27761161
27761162DCI;DC;27761162
27761163DCI;DC;27761163
27761164DCI;DC;27761164
27761166DCI;DC;27761166
27761165DCI;DC;27761165
27761167DCI;DC;27761167
27761171DCI;DC;27761171
27761170DCI;DC;27761170
27761172DCI;DC;27761172
27761173DCI;DC;27761173
27761174DCI;DC;27761174
27761179DCI;DC;27761179
27761193DCI;DC;27761193
27761194DCI;DC;27761194
27761196DCI;DC;27761196
27761197DCI;DC;27761197
27761198DCI;DC;27761198
27761199DCI;DC;27761199
27761200DCI;DC;27761200
27761201DCI;DC;27761201
27761202DCI;DC;27761202
27761203DCI;DC;27761203
27761204DCI;DC;27761204
27761205DCI;DC;27761205
27761206DCI;DC;27761206
27761210DCI;DC;27761210
27761211DCI;DC;27761211
27761213DCI;DC;27761213
27761212DCI;DC;27761212
27761214DCI;DC;27761214
27761217DCI;DC;27761217
27761218DCI;DC;27761218
27761220DCI;DC;27761220
27761219DCI;DC;27761219
27761222DCI;DC;27761222
27761224DCI;DC;27761224
27761225DCI;DC;27761225
27761226DCI;DC;27761226
27761227DCI;DC;27761227
27761228DCI;DC;27761228
27761229DCI;DC;27761229
27761230DCI;DC;27761230
27761231DCI;DC;27761231
27761232DCI;DC;27761232
27761234DCI;DC;27761234
27761235DCI;DC;27761235
27761236DCI;DC;27761236
27761237DCI;DC;27761237
277620DCI;DC;277620
2776794DCI;DC;2776794
2776865DCI;DC;2776865
2776867DCI;DC;2776867
2827428DCI;DC;2827428
2827582DCI;DC;2827582
2827588DCI;DC;2827588
2827596DCI;DC;2827596
2827604DCI;DC;2827604
2827605DCI;DC;2827605
2827606DCI;DC;2827606
2827615DCI;DC;2827615
2827616DCI;DC;2827616
2827617DCI;DC;2827617
2827618DCI;DC;2827618
2827619DCI;DC;2827619
2827620DCI;DC;2827620
2827621DCI;DC;2827621
2827622DCI;DC;2827622
2827623DCI;DC;2827623
291150DCI;DC;291150
291151DCI;DC;291151
291154DCI;DC;291154
291152DCI;DC;291152
291155DCI;DC;291155
291156DCI;DC;291156
291157DCI;DC;291157
291158DCI;DC;291158
291159DCI;DC;291159
291160DCI;DC;291160
291161DCI;DC;291161
291162DCI;DC;291162
291163DCI;DC;291163
291165DCI;DC;291165
291166DCI;DC;291166
291943DCI;DC;291943
291948DCI;DC;291948
291947DCI;DC;291947
291949DCI;DC;291949
291950DCI;DC;291950
291952DCI;DC;291952
291953DCI;DC;291953
3041311DCI;DC;3041311
3041346DCI;DC;3041346
3041349DCI;DC;3041349
3041362DCI;DC;3041362
3041368DCI;DC;3041368
3041369DCI;DC;3041369
3041370DCI;DC;3041370
3041373DCI;DC;3041373
3041374DCI;DC;3041374
3041377DCI;DC;3041377
3041381DCI;DC;3041381
3041386DCI;DC;3041386
3041387DCI;DC;3041387
3041388DCI;DC;3041388
3041389DCI;DC;3041389
3041390DCI;DC;3041390
3041391DCI;DC;3041391
3041392DCI;DC;3041392
3041393DCI;DC;3041393
3041394DCI;DC;3041394
3041395DCI;DC;3041395
3041396DCI;DC;3041396
3041397DCI;DC;3041397
3041398DCI;DC;3041398
3041400DCI;DC;3041400
3041401DCI;DC;3041401
3041402DCI;DC;3041402
3041403DCI;DC;3041403
3041405DCI;DC;3041405
3041404DCI;DC;3041404
3041406DCI;DC;3041406
3041407DCI;DC;3041407
3041408DCI;DC;3041408
3041409DCI;DC;3041409
3041410DCI;DC;3041410
3041411DCI;DC;3041411
3041412DCI;DC;3041412
3041413DCI;DC;3041413
3041417DCI;DC;3041417
3041418DCI;DC;3041418
3041419DCI;DC;3041419
3041420DCI;DC;3041420
3041425DCI;DC;3041425
3041431DCI;DC;3041431
3041430DCI;DC;3041430
3041433DCI;DC;3041433
3041435DCI;DC;3041435
3041436DCI;DC;3041436
3041439DCI;DC;3041439
3041440DCI;DC;3041440
3041441DCI;DC;3041441
3041446DCI;DC;3041446
3041445DCI;DC;3041445
3041447DCI;DC;3041447
3041449DCI;DC;3041449
3041448DCI;DC;3041448
3041450DCI;DC;3041450
3041452DCI;DC;3041452
3041451DCI;DC;3041451
3041453DCI;DC;3041453
3041455DCI;DC;3041455
3041457DCI;DC;3041457
3041458DCI;DC;3041458
3041459DCI;DC;3041459
3041460DCI;DC;3041460
3041462DCI;DC;3041462
3041464DCI;DC;3041464
3041465DCI;DC;3041465
3041466DCI;DC;3041466
3041467DCI;DC;3041467
3041468DCI;DC;3041468
3041469DCI;DC;3041469
3041470DCI;DC;3041470
3041471DCI;DC;3041471
3041472DCI;DC;3041472
3041475DCI;DC;3041475
3041476DCI;DC;3041476
3041477DCI;DC;3041477
3041478DCI;DC;3041478
3041479DCI;DC;3041479
3041482DCI;DC;3041482
3041483DCI;DC;3041483
3041484DCI;DC;3041484
3041485DCI;DC;3041485
3041486DCI;DC;3041486
3041487DCI;DC;3041487
3041488DCI;DC;3041488
3041489DCI;DC;3041489
3041490DCI;DC;3041490
3041491DCI;DC;3041491
3041492DCI;DC;3041492
3041493DCI;DC;3041493
3041494DCI;DC;3041494
3041495DCI;DC;3041495
3041496DCI;DC;3041496
3041497DCI;DC;3041497
3041498DCI;DC;3041498
3041499DCI;DC;3041499
3041500DCI;DC;3041500
3041502DCI;DC;3041502
3041501DCI;DC;3041501
3041503DCI;DC;3041503
3041504DCI;DC;3041504
3041505DCI;DC;3041505
3041506DCI;DC;3041506
3041508DCI;DC;3041508
3041510DCI;DC;3041510
3041509DCI;DC;3041509
3041511DCI;DC;3041511
3041513DCI;DC;3041513
3041512DCI;DC;3041512
3041514DCI;DC;3041514
3041515DCI;DC;3041515
3041516DCI;DC;3041516
3041517DCI;DC;3041517
3041518DCI;DC;3041518
3041519DCI;DC;3041519
3041520DCI;DC;3041520
3041521DCI;DC;3041521
3041522DCI;DC;3041522
3041523DCI;DC;3041523
3041524DCI;DC;3041524
3041526DCI;DC;3041526
3041527DCI;DC;3041527
3041529DCI;DC;3041529
3041530DCI;DC;3041530
3041531DCI;DC;3041531
3041532DCI;DC;3041532
3041533DCI;DC;3041533
3041536DCI;DC;3041536
3041535DCI;DC;3041535
3041537DCI;DC;3041537
30512442DCI;DC;30512442
30512667DCI;DC;30512667
306360DCI;DC;306360
306389DCI;DC;306389
306390DCI;DC;306390
306391DCI;DC;306391
306392DCI;DC;306392
306393DCI;DC;306393
306394DCI;DC;306394
306395DCI;DC;306395
306421DCI;DC;306421
3067190DCI;DC;3067190
3067197DCI;DC;3067197
3067295DCI;DC;3067295
3067296DCI;DC;3067296
3067297DCI;DC;3067297
3067298DCI;DC;3067298
3067307DCI;DC;3067307
3067308DCI;DC;3067308
3067309DCI;DC;3067309
3067316DCI;DC;3067316
3067320DCI;DC;3067320
3067321DCI;DC;3067321
3067327DCI;DC;3067327
3067372DCI;DC;3067372
3067373DCI;DC;3067373
3067374DCI;DC;3067374
3067375DCI;DC;3067375
3067376DCI;DC;3067376
3067377DCI;DC;3067377
3067378DCI;DC;3067378
3067379DCI;DC;3067379
3067380DCI;DC;3067380
3067381DCI;DC;3067381
3067382DCI;DC;3067382
3067383DCI;DC;3067383
3067384DCI;DC;3067384
3067385DCI;DC;3067385
3067387DCI;DC;3067387
3067388DCI;DC;3067388
3067389DCI;DC;3067389
3067390DCI;DC;3067390
306841DCI;DC;306841
306842DCI;DC;306842
306843DCI;DC;306843
306844DCI;DC;306844
306845DCI;DC;306845
306846DCI;DC;306846
306847DCI;DC;306847
306848DCI;DC;306848
306849DCI;DC;306849
306850DCI;DC;306850
306851DCI;DC;306851
306852DCI;DC;306852
306853DCI;DC;306853
306854DCI;DC;306854
306855DCI;DC;306855
306856DCI;DC;306856
306857DCI;DC;306857
306858DCI;DC;306858
306859DCI;DC;306859
306860DCI;DC;306860
306861DCI;DC;306861
306862DCI;DC;306862
306863DCI;DC;306863
306864DCI;DC;306864
306865DCI;DC;306865
306866DCI;DC;306866
306867DCI;DC;306867
306868DCI;DC;306868
3069165DCI;DC;3069165
3069164DCI;DC;3069164
3069166DCI;DC;3069166
3069167DCI;DC;3069167
3069168DCI;DC;3069168
3069169DCI;DC;3069169
3069171DCI;DC;3069171
291153DCI;DC;291153
3041461DCI;DC;3041461
303526DCI;DC;303526
3041463DCI;DC;3041463
3041474DCI;DC;3041474
3041473DCI;DC;3041473
3041481DCI;DC;3041481
3067223DCI;DC;3067223
3067195DCI;DC;3067195
3067224DCI;DC;3067224
3067225DCI;DC;3067225
3067242DCI;DC;3067242
3067246DCI;DC;3067246
3067247DCI;DC;3067247
3067248DCI;DC;3067248
3067249DCI;DC;3067249
3067250DCI;DC;3067250
3067251DCI;DC;3067251
3067252DCI;DC;3067252
3067253DCI;DC;3067253
3067255DCI;DC;3067255
3067256DCI;DC;3067256
3067257DCI;DC;3067257
3067258DCI;DC;3067258
3067259DCI;DC;3067259
3067260DCI;DC;3067260
3067261DCI;DC;3067261
3067263DCI;DC;3067263
3067265DCI;DC;3067265
3067264DCI;DC;3067264
3067266DCI;DC;3067266
3067267DCI;DC;3067267
3067268DCI;DC;3067268
3067269DCI;DC;3067269
3067270DCI;DC;3067270
3067271DCI;DC;3067271
3067272DCI;DC;3067272
3067273DCI;DC;3067273
3067275DCI;DC;3067275
3067276DCI;DC;3067276
3067277DCI;DC;3067277
3067278DCI;DC;3067278
3067280DCI;DC;3067280
3067281DCI;DC;3067281
3067282DCI;DC;3067282
3067283DCI;DC;3067283
3067284DCI;DC;3067284
3067286DCI;DC;3067286
3067287DCI;DC;3067287
3067288DCI;DC;3067288
3067289DCI;DC;3067289
3067290DCI;DC;3067290
3067291DCI;DC;3067291
3067292DCI;DC;3067292
3067360DCI;DC;3067360
3067361DCI;DC;3067361
3067362DCI;DC;3067362
3067363DCI;DC;3067363
3067365DCI;DC;3067365
3067364DCI;DC;3067364
3067366DCI;DC;3067366
3067367DCI;DC;3067367
3067368DCI;DC;3067368
3067369DCI;DC;3067369
3067370DCI;DC;3067370
3067371DCI;DC;3067371
3067392DCI;DC;3067392
3067393DCI;DC;3067393
3067394DCI;DC;3067394
3067395DCI;DC;3067395
3067400DCI;DC;3067400
3067399DCI;DC;3067399
3067401DCI;DC;3067401
3067403DCI;DC;3067403
3067402DCI;DC;3067402
3067404DCI;DC;3067404
3067406DCI;DC;3067406
3067405DCI;DC;3067405
3067407DCI;DC;3067407
3067408DCI;DC;3067408
3067409DCI;DC;3067409
3067410DCI;DC;3067410
3067411DCI;DC;3067411
3067412DCI;DC;3067412
3067413DCI;DC;3067413
3067414DCI;DC;3067414
3067416DCI;DC;3067416
3067415DCI;DC;3067415
3067417DCI;DC;3067417
3067419DCI;DC;3067419
3067418DCI;DC;3067418
3067420DCI;DC;3067420
3067441DCI;DC;3067441
3067421DCI;DC;3067421
3067442DCI;DC;3067442
3067447DCI;DC;3067447
3067448DCI;DC;3067448
3067449DCI;DC;3067449
3067450DCI;DC;3067450
3067465DCI;DC;3067465
3067467DCI;DC;3067467
3067466DCI;DC;3067466
3067468DCI;DC;3067468
3067471DCI;DC;3067471
3067472DCI;DC;3067472
3067473DCI;DC;3067473
3067474DCI;DC;3067474
3067475DCI;DC;3067475
3067476DCI;DC;3067476
3067477DCI;DC;3067477
3067478DCI;DC;3067478
3067479DCI;DC;3067479
3067480DCI;DC;3067480
3067481DCI;DC;3067481
3067482DCI;DC;3067482
3067483DCI;DC;3067483
3067490DCI;DC;3067490
3067491DCI;DC;3067491
3067492DCI;DC;3067492
3067493DCI;DC;3067493
3067494DCI;DC;3067494
3067495DCI;DC;3067495
3067496DCI;DC;3067496
3067497DCI;DC;3067497
3067498DCI;DC;3067498
3067499DCI;DC;3067499
3067500DCI;DC;3067500
306760DCI;DC;306760
310735DCI;DC;310735
310737DCI;DC;310737
310738DCI;DC;310738
310739DCI;DC;310739
310740DCI;DC;310740
310748DCI;DC;310748
310749DCI;DC;310749
310750DCI;DC;310750
310751DCI;DC;310751
310752DCI;DC;310752
310753DCI;DC;310753
310754DCI;DC;310754
310755DCI;DC;310755
310757DCI;DC;310757
310756DCI;DC;310756
310758DCI;DC;310758
310759DCI;DC;310759
310760DCI;DC;310760
310761DCI;DC;310761
310762DCI;DC;310762
310763DCI;DC;310763
310764DCI;DC;310764
310765DCI;DC;310765
310766DCI;DC;310766
310773DCI;DC;310773
310774DCI;DC;310774
310776DCI;DC;310776
310786DCI;DC;310786
310787DCI;DC;310787
310789DCI;DC;310789
310788DCI;DC;310788
310791DCI;DC;310791
310793DCI;DC;310793
310792DCI;DC;310792
310794DCI;DC;310794
310795DCI;DC;310795
310796DCI;DC;310796
310797DCI;DC;310797
310844DCI;DC;310844
310798DCI;DC;310798
310845DCI;DC;310845
310846DCI;DC;310846
310847DCI;DC;310847
310848DCI;DC;310848
310849DCI;DC;310849
310850DCI;DC;310850
310851DCI;DC;310851
310853DCI;DC;310853
310852DCI;DC;310852
310854DCI;DC;310854
310855DCI;DC;310855
310857DCI;DC;310857
310858DCI;DC;310858
310924DCI;DC;310924
310925DCI;DC;310925
310926DCI;DC;310926
310927DCI;DC;310927
310928DCI;DC;310928
310929DCI;DC;310929
310930DCI;DC;310930
310931DCI;DC;310931
310932DCI;DC;310932
310933DCI;DC;310933
310934DCI;DC;310934
310936DCI;DC;310936
310935DCI;DC;310935
310937DCI;DC;310937
310938DCI;DC;310938
310939DCI;DC;310939
310940DCI;DC;310940
310941DCI;DC;310941
310942DCI;DC;310942
311107DCI;DC;311107
311114DCI;DC;311114
311205DCI;DC;311205
311207DCI;DC;311207
311209DCI;DC;311209
311211DCI;DC;311211
311213DCI;DC;311213
311216DCI;DC;311216
311309DCI;DC;311309
311502DCI;DC;311502
311513DCI;DC;311513
311517DCI;DC;311517
311523DCI;DC;311523
311532DCI;DC;311532
311534DCI;DC;311534
311535DCI;DC;311535
311536DCI;DC;311536
311537DCI;DC;311537
311539DCI;DC;311539
311541DCI;DC;311541
311544DCI;DC;311544
311632DCI;DC;311632
311633DCI;DC;311633
311634DCI;DC;311634
311635DCI;DC;311635
311636DCI;DC;311636
311637DCI;DC;311637
311638DCI;DC;311638
311639DCI;DC;311639
311640DCI;DC;311640
311641DCI;DC;311641
311642DCI;DC;311642
311643DCI;DC;311643
311644DCI;DC;311644
311645DCI;DC;311645
311646DCI;DC;311646
311647DCI;DC;311647
311649DCI;DC;311649
311652DCI;DC;311652
311653DCI;DC;311653
311654DCI;DC;311654
311655DCI;DC;311655
311656DCI;DC;311656
311660DCI;DC;311660
311661DCI;DC;311661
311662DCI;DC;311662
311669DCI;DC;311669
311801DCI;DC;311801
311802DCI;DC;311802
311803DCI;DC;311803
311804DCI;DC;311804
311805DCI;DC;311805
311806DCI;DC;311806
311807DCI;DC;311807
311808DCI;DC;311808
311809DCI;DC;311809
311814DCI;DC;311814
311815DCI;DC;311815
311816DCI;DC;311816
311817DCI;DC;311817
311818DCI;DC;311818
311820DCI;DC;311820
311821DCI;DC;311821
311822DCI;DC;311822
311902DCI;DC;311902
311903DCI;DC;311903
311904DCI;DC;311904
311931DCI;DC;311931
311933DCI;DC;311933
311934DCI;DC;311934
311935DCI;DC;311935
311936DCI;DC;311936
311937DCI;DC;311937
311938DCI;DC;311938
311940DCI;DC;311940
311939DCI;DC;311939
311941DCI;DC;311941
311942DCI;DC;311942
311943DCI;DC;311943
311944DCI;DC;311944
311946DCI;DC;311946
311945DCI;DC;311945
311947DCI;DC;311947
311948DCI;DC;311948
311950DCI;DC;311950
311949DCI;DC;311949
311951DCI;DC;311951
311952DCI;DC;311952
311953DCI;DC;311953
312002DCI;DC;312002
312003DCI;DC;312003
312005DCI;DC;312005
312007DCI;DC;312007
312011DCI;DC;312011
312012DCI;DC;312012
312013DCI;DC;312013
312014DCI;DC;312014
312015DCI;DC;312015
312017DCI;DC;312017
312016DCI;DC;312016
312022DCI;DC;312022
312023DCI;DC;312023
312024DCI;DC;312024
312025DCI;DC;312025
312026DCI;DC;312026
312027DCI;DC;312027
312028DCI;DC;312028
312029DCI;DC;312029
312030DCI;DC;312030
312031DCI;DC;312031
312032DCI;DC;312032
312033DCI;DC;312033
312034DCI;DC;312034
312035DCI;DC;312035
312036DCI;DC;312036
312037DCI;DC;312037
312038DCI;DC;312038
312039DCI;DC;312039
312040DCI;DC;312040
312041DCI;DC;312041
312201DCI;DC;312201
312401DCI;DC;312401
312402DCI;DC;312402
312403DCI;DC;312403
312404DCI;DC;312404
312405DCI;DC;312405
312406DCI;DC;312406
312407DCI;DC;312407
312408DCI;DC;312408
312409DCI;DC;312409
312410DCI;DC;312410
312411DCI;DC;312411
312412DCI;DC;312412
312413DCI;DC;312413
312414DCI;DC;312414
312415DCI;DC;312415
312416DCI;DC;312416
312417DCI;DC;312417
312418DCI;DC;312418
312419DCI;DC;312419
312420DCI;DC;312420
312421DCI;DC;312421
312422DCI;DC;312422
312423DCI;DC;312423
312424DCI;DC;312424
312425DCI;DC;312425
312426DCI;DC;312426
312427DCI;DC;312427
312428DCI;DC;312428
312429DCI;DC;312429
312430DCI;DC;312430
312431DCI;DC;312431
312432DCI;DC;312432
312433DCI;DC;312433
312434DCI;DC;312434
312435DCI;DC;312435
312436DCI;DC;312436
312437DCI;DC;312437
312438DCI;DC;312438
312439DCI;DC;312439
312440DCI;DC;312440
312441DCI;DC;312441
312442DCI;DC;312442
312443DCI;DC;312443
312501DCI;DC;312501
312502DCI;DC;312502
312503DCI;DC;312503
312506DCI;DC;312506
312504DCI;DC;312504
312507DCI;DC;312507
312508DCI;DC;312508
312509DCI;DC;312509
312511DCI;DC;312511
312512DCI;DC;312512
312513DCI;DC;312513
312514DCI;DC;312514
312516DCI;DC;312516
312515DCI;DC;312515
312517DCI;DC;312517
312519DCI;DC;312519
312518DCI;DC;312518
312520DCI;DC;312520
312521DCI;DC;312521
312522DCI;DC;312522
312523DCI;DC;312523
312524DCI;DC;312524
312526DCI;DC;312526
312527DCI;DC;312527
312601DCI;DC;312601
312603DCI;DC;312603
312604DCI;DC;312604
312607DCI;DC;312607
312605DCI;DC;312605
312608DCI;DC;312608
312609DCI;DC;312609
312610DCI;DC;312610
312611DCI;DC;312611
312612DCI;DC;312612
312613DCI;DC;312613
312614DCI;DC;312614
312615DCI;DC;312615
312707DCI;DC;312707
312709DCI;DC;312709
312708DCI;DC;312708
312710DCI;DC;312710
312711DCI;DC;312711
312712DCI;DC;312712
312713DCI;DC;312713
312801DCI;DC;312801
312802DCI;DC;312802
312803DCI;DC;312803
312804DCI;DC;312804
312805DCI;DC;312805
312806DCI;DC;312806
312807DCI;DC;312807
312808DCI;DC;312808
312809DCI;DC;312809
312905DCI;DC;312905
312908DCI;DC;312908
312914DCI;DC;312914
312917DCI;DC;312917
312916DCI;DC;312916
312918DCI;DC;312918
312922DCI;DC;312922
312921DCI;DC;312921
312929DCI;DC;312929
312934DCI;DC;312934
312935DCI;DC;312935
312936DCI;DC;312936
312937DCI;DC;312937
312938DCI;DC;312938
312944DCI;DC;312944
312945DCI;DC;312945
312946DCI;DC;312946
312947DCI;DC;312947
312950DCI;DC;312950
312951DCI;DC;312951
312953DCI;DC;312953
313001DCI;DC;313001
313002DCI;DC;313002
313003DCI;DC;313003
313004DCI;DC;313004
313005DCI;DC;313005
313006DCI;DC;313006
313007DCI;DC;313007
313008DCI;DC;313008
313101DCI;DC;313101
313009DCI;DC;313009
313102DCI;DC;313102
313103DCI;DC;313103
313104DCI;DC;313104
313203DCI;DC;313203
313206DCI;DC;313206
313207DCI;DC;313207
313208DCI;DC;313208
313209DCI;DC;313209
313210DCI;DC;313210
313211DCI;DC;313211
313212DCI;DC;313212
313213DCI;DC;313213
313214DCI;DC;313214
313215DCI;DC;313215
313218DCI;DC;313218
313219DCI;DC;313219
313220DCI;DC;313220
313221DCI;DC;313221
313401DCI;DC;313401
313402DCI;DC;313402
313403DCI;DC;313403
313404DCI;DC;313404
313405DCI;DC;313405
313406DCI;DC;313406
313408DCI;DC;313408
313409DCI;DC;313409
313410DCI;DC;313410
313411DCI;DC;313411
313412DCI;DC;313412
313413DCI;DC;313413
313414DCI;DC;313414
313415DCI;DC;313415
313416DCI;DC;313416
313417DCI;DC;313417
313418DCI;DC;313418
313419DCI;DC;313419
313420DCI;DC;313420
313421DCI;DC;313421
313422DCI;DC;313422
313423DCI;DC;313423
313424DCI;DC;313424
313425DCI;DC;313425
313426DCI;DC;313426
313427DCI;DC;313427
313428DCI;DC;313428
313429DCI;DC;313429
313430DCI;DC;313430
313504DCI;DC;313504
313505DCI;DC;313505
313507DCI;DC;313507
313506DCI;DC;313506
313508DCI;DC;313508
313510DCI;DC;313510
313509DCI;DC;313509
313511DCI;DC;313511
313512DCI;DC;313512
313513DCI;DC;313513
313514DCI;DC;313514
313515DCI;DC;313515
313516DCI;DC;313516
313517DCI;DC;313517
313519DCI;DC;313519
313518DCI;DC;313518
313520DCI;DC;313520
313603DCI;DC;313603
313608DCI;DC;313608
313609DCI;DC;313609
313610DCI;DC;313610
313611DCI;DC;313611
313612DCI;DC;313612
313702DCI;DC;313702
313701DCI;DC;313701
313703DCI;DC;313703
313705DCI;DC;313705
313704DCI;DC;313704
313706DCI;DC;313706
313707DCI;DC;313707
313708DCI;DC;313708
313709DCI;DC;313709
313711DCI;DC;313711
313710DCI;DC;313710
313712DCI;DC;313712
313713DCI;DC;313713
313714DCI;DC;313714
313715DCI;DC;313715
313716DCI;DC;313716
313717DCI;DC;313717
313718DCI;DC;313718
313719DCI;DC;313719
313720DCI;DC;313720
313721DCI;DC;313721
313722DCI;DC;313722
313723DCI;DC;313723
313724DCI;DC;313724
313725DCI;DC;313725
313726DCI;DC;313726
313727DCI;DC;313727
313728DCI;DC;313728
313731DCI;DC;313731
313801DCI;DC;313801
313802DCI;DC;313802
313803DCI;DC;313803
313804DCI;DC;313804
313805DCI;DC;313805
313806DCI;DC;313806
313807DCI;DC;313807
313808DCI;DC;313808
313810DCI;DC;313810
313809DCI;DC;313809
313811DCI;DC;313811
313813DCI;DC;313813
313812DCI;DC;313812
313814DCI;DC;313814
313815DCI;DC;313815
313816DCI;DC;313816
313817DCI;DC;313817
313901DCI;DC;313901
313904DCI;DC;313904
313910DCI;DC;313910
313919DCI;DC;313919
313921DCI;DC;313921
313924DCI;DC;313924
313925DCI;DC;313925
313926DCI;DC;313926
313930DCI;DC;313930
313932DCI;DC;313932
313933DCI;DC;313933
313934DCI;DC;313934
313935DCI;DC;313935
314001DCI;DC;314001
314002DCI;DC;314002
314003DCI;DC;314003
314004DCI;DC;314004
314005DCI;DC;314005
314006DCI;DC;314006
314007DCI;DC;314007
314008DCI;DC;314008
314009DCI;DC;314009
314101DCI;DC;314101
314104DCI;DC;314104
314105DCI;DC;314105
314106DCI;DC;314106
314108DCI;DC;314108
314109DCI;DC;314109
314111DCI;DC;314111
314110DCI;DC;314110
314112DCI;DC;314112
314113DCI;DC;314113
314114DCI;DC;314114
314115DCI;DC;314115
314116DCI;DC;314116
314117DCI;DC;314117
314118DCI;DC;314118
314201DCI;DC;314201
314202DCI;DC;314202
314203DCI;DC;314203
314204DCI;DC;314204
314205DCI;DC;314205
314206DCI;DC;314206
314207DCI;DC;314207
314208DCI;DC;314208
314209DCI;DC;314209
314306DCI;DC;314306
314305DCI;DC;314305
314314DCI;DC;314314
314318DCI;DC;314318
314316DCI;DC;314316
314319DCI;DC;314319
314323DCI;DC;314323
314322DCI;DC;314322
314324DCI;DC;314324
314327DCI;DC;314327
314328DCI;DC;314328
314329DCI;DC;314329
314402DCI;DC;314402
314405DCI;DC;314405
314411DCI;DC;314411
314412DCI;DC;314412
314415DCI;DC;314415
314501DCI;DC;314501
314505DCI;DC;314505
314506DCI;DC;314506
314507DCI;DC;314507
314509DCI;DC;314509
314510DCI;DC;314510
314511DCI;DC;314511
314512DCI;DC;314512
314514DCI;DC;314514
314515DCI;DC;314515
314516DCI;DC;314516
314517DCI;DC;314517
314518DCI;DC;314518
314519DCI;DC;314519
314522DCI;DC;314522
314523DCI;DC;314523
314524DCI;DC;314524
314525DCI;DC;314525
314526DCI;DC;314526
314527DCI;DC;314527
314528DCI;DC;314528
314529DCI;DC;314529
314530DCI;DC;314530
314531DCI;DC;314531
314601DCI;DC;314601
314602DCI;DC;314602
314603DCI;DC;314603
314604DCI;DC;314604
314606DCI;DC;314606
314607DCI;DC;314607
314608DCI;DC;314608
314609DCI;DC;314609
314610DCI;DC;314610
314611DCI;DC;314611
314613DCI;DC;314613
314612DCI;DC;314612
314614DCI;DC;314614
314701DCI;DC;314701
314615DCI;DC;314615
314702DCI;DC;314702
314703DCI;DC;314703
314704DCI;DC;314704
314705DCI;DC;314705
314706DCI;DC;314706
314707DCI;DC;314707
314708DCI;DC;314708
314709DCI;DC;314709
314802DCI;DC;314802
314803DCI;DC;314803
314804DCI;DC;314804
314805DCI;DC;314805
40698SGI;SG;40698
40689SGI;SG;40689
36770SGI;SG;36770
36775SGI;SG;36775
39999SGI;SG;39999
32955SGI;SG;32955
36773SGI;SG;36773
40000SGI;SG;40000
39965SGI;SG;39965
36768SGI;SG;36768
36769SGI;SG;36769
39998SGI;SG;39998
40060SGI;SG;40060
36506SGI;SG;36506
33974SGI;SG;33974
38256SGI;SG;38256
39652SGI;SG;39652
39673SGI;SG;39673
39663SGI;SG;39663
34759SGI;SG;34759
39563SGI;SG;39563
40629SGI;SG;40629
40625SGI;SG;40625
40622SGI;SG;40622
40623SGI;SG;40623
40624SGI;SG;40624
40628SGI;SG;40628
36913SGI;SG;36913
38254SGI;SG;38254
40482SGI;SG;40482
41096SGI;SG;41096
34701SGI;SG;34701
34702SGI;SG;34702
37823SGI;SG;37823
36313SGI;SG;36313
41099SGI;SG;41099
37155SGI;SG;37155
37154SGI;SG;37154
37158SGI;SG;37158
40479SGI;SG;40479
40485SGI;SG;40485
36970SGI;SG;36970
36969SGI;SG;36969
34024SGI;SG;34024
40790SGI;SG;40790
40791SGI;SG;40791
34467SGI;SG;34467
34465SGI;SG;34465
36917SGI;SG;36917
34015SGI;SG;34015
39953SGI;SG;39953
37402SGI;SG;37402
32746SGI;SG;32746
39954SGI;SG;39954
37401SGI;SG;37401
32747SGI;SG;32747
32869SGI;SG;32869
38980SGI;SG;38980
32872SGI;SG;32872
38975SGI;SG;38975
38970SGI;SG;38970
40492SGI;SG;40492
30405SGI;SG;30405
41098SGI;SG;41098
40490SGI;SG;40490
34601SGI;SG;34601
39315SGI;SG;39315
34278SGI;SG;34278
30400SGI;SG;30400
34275SGI;SG;34275
34280SGI;SG;34280
34277SGI;SG;34277
34288SGI;SG;34288
34274SGI;SG;34274
34287SGI;SG;34287
34284SGI;SG;34284
34285SGI;SG;34285
34289SGI;SG;34289
35145SGI;SG;35145
34283SGI;SG;34283
34448SGI;SG;34448
34446SGI;SG;34446
34254SGI;SG;34254
34455SGI;SG;34455
34252SGI;SG;34252
34253SGI;SG;34253
34267SGI;SG;34267
34263SGI;SG;34263
34268SGI;SG;34268
34513SGI;SG;34513
34512SGI;SG;34512
30954SGI;SG;30954
32892SGI;SG;32892
32893SGI;SG;32893
32884SGI;SG;32884
34698SGI;SG;34698
38990SGI;SG;38990
38982SGI;SG;38982
32894SGI;SG;32894
38981SGI;SG;38981
35190SGI;SG;35190
32858SGI;SG;32858
35963SGI;SG;35963
32732SGI;SG;32732
35170SGI;SG;35170
35174SGI;SG;35174
37045SGI;SG;37045
32502SGI;SG;32502
32503SGI;SG;32503
35084SGI;SG;35084
38995SGI;SG;38995
35088SGI;SG;35088
35107SGI;SG;35107
36908SGI;SG;36908
36905SGI;SG;36905
36909SGI;SG;36909
35085SGI;SG;35085
36907SGI;SG;36907
35108SGI;SG;35108
37054SGI;SG;37054
37012SGI;SG;37012
32855SGI;SG;32855
32854SGI;SG;32854
39514SGI;SG;39514
33725SGI;SG;33725
37660SGI;SG;37660
37659SGI;SG;37659
40483SGI;SG;40483
35182SGI;SG;35182
37050SGI;SG;37050
35153SGI;SG;35153
37052SGI;SG;37052
35188SGI;SG;35188
35183SGI;SG;35183
37053SGI;SG;37053
39949SGI;SG;39949
36302SGI;SG;36302
36303SGI;SG;36303
30417SGI;SG;30417
30404SGI;SG;30404
30399SGI;SG;30399
38979SGI;SG;38979
37109SGI;SG;37109
37104SGI;SG;37104
37110SGI;SG;37110
36950SGI;SG;36950
36953SGI;SG;36953
36952SGI;SG;36952
37118SGI;SG;37118
37895SGI;SG;37895
37894SGI;SG;37894
35109SGI;SG;35109
35138SGI;SG;35138
32470SGI;SG;32470
39852SGI;SG;39852
35155SGI;SG;35155
39853SGI;SG;39853
33712SGI;SG;33712
37839SGI;SG;37839
37834SGI;SG;37834
33090SGI;SG;33090
36362SGI;SG;36362
36998SGI;SG;36998
33091SGI;SG;33091
36999SGI;SG;36999
37802SGI;SG;37802
39579SGI;SG;39579
35178SGI;SG;35178
36369SGI;SG;36369
36365SGI;SG;36365
39582SGI;SG;39582
39580SGI;SG;39580
37803SGI;SG;37803
38435SGI;SG;38435
35179SGI;SG;35179
40478SGI;SG;40478
36898SGI;SG;36898
34490SGI;SG;34490
36894SGI;SG;36894
36899SGI;SG;36899
36895SGI;SG;36895
37250SGI;SG;37250
40632SGI;SG;40632
40630SGI;SG;40630
40633SGI;SG;40633
39025SGI;SG;39025
40300SGI;SG;40300
38333SGI;SG;38333
39753SGI;SG;39753
39860SGI;SG;39860
36624SGI;SG;36624
36625SGI;SG;36625
36622SGI;SG;36622
39862SGI;SG;39862
36623SGI;SG;36623
36843SGI;SG;36843
36842SGI;SG;36842
36841SGI;SG;36841
34765SGI;SG;34765
39749SGI;SG;39749
36016SGI;SG;36016
39040SGI;SG;39040
40074SGI;SG;40074
39039SGI;SG;39039
35942SGI;SG;35942
33332SGI;SG;33332
39107SGI;SG;39107
35940SGI;SG;35940
33331SGI;SG;33331
39108SGI;SG;39108
33330SGI;SG;33330
35943SGI;SG;35943
39935SGI;SG;39935
39938SGI;SG;39938
39934SGI;SG;39934
39109SGI;SG;39109
35938SGI;SG;35938
35937SGI;SG;35937
39110SGI;SG;39110
37276SGI;SG;37276
37278SGI;SG;37278
37275SGI;SG;37275
37268SGI;SG;37268
37269SGI;SG;37269
37274SGI;SG;37274
37270SGI;SG;37270
37266SGI;SG;37266
37273SGI;SG;37273
37263SGI;SG;37263
37264SGI;SG;37264
37272SGI;SG;37272
37265SGI;SG;37265
34435SGI;SG;34435
344281SGI;SG;344281
34432SGI;SG;34432
34580SGI;SG;34580
34434SGI;SG;34434
34430SGI;SG;34430
39945SGI;SG;39945
39943SGI;SG;39943
36651SGI;SG;36651
34438SGI;SG;34438
39944SGI;SG;39944
39942SGI;SG;39942
39940SGI;SG;39940
39946SGI;SG;39946
34429SGI;SG;34429
34437SGI;SG;34437
40039SGI;SG;40039
33965SGI;SG;33965
40040SGI;SG;40040
33964SGI;SG;33964
33979SGI;SG;33979
36884SGI;SG;36884
33963SGI;SG;33963
40044SGI;SG;40044
40042SGI;SG;40042
40059SGI;SG;40059
40045SGI;SG;40045
36889SGI;SG;36889
33978SGI;SG;33978
40058SGI;SG;40058
33980SGI;SG;33980
40043SGI;SG;40043
33455SGI;SG;33455
36757SGI;SG;36757
33765SGI;SG;33765
36756SGI;SG;36756
34723SGI;SG;34723
34724SGI;SG;34724
36758SGI;SG;36758
36578SGI;SG;36578
34838SGI;SG;34838
37914SGI;SG;37914
33918SGI;SG;33918
36764SGI;SG;36764
37878SGI;SG;37878
36984SGI;SG;36984
33171SGI;SG;33171
33172SGI;SG;33172
33173SGI;SG;33173
36983SGI;SG;36983
36985SGI;SG;36985
33157SGI;SG;33157
37604SGI;SG;37604
37883SGI;SG;37883
34833SGI;SG;34833
34834SGI;SG;34834
34805SGI;SG;34805
36804SGI;SG;36804
36573SGI;SG;36573
35822SGI;SG;35822
34772SGI;SG;34772
40123SGI;SG;40123
40124SGI;SG;40124
36803SGI;SG;36803
35820SGI;SG;35820
34773SGI;SG;34773
36572SGI;SG;36572
36639SGI;SG;36639
33439SGI;SG;33439
39719SGI;SG;39719
39292SGI;SG;39292
32434SGI;SG;32434
32443SGI;SG;32443
35180SGI;SG;35180
37830SGI;SG;37830
37799SGI;SG;37799
37831SGI;SG;37831
35181SGI;SG;35181
41203SGI;SG;41203
36185SGI;SG;36185
31180SGI;SG;31180
31179SGI;SG;31179
31178SGI;SG;31178
39385SGI;SG;39385
35194SGI;SG;35194
39692SGI;SG;39692
39693SGI;SG;39693
36030SGI;SG;36030
35144SGI;SG;35144
33333SGI;SG;33333
39117SGI;SG;39117
33335SGI;SG;33335
39120SGI;SG;39120
37092SGI;SG;37092
40063SGI;SG;40063
36035SGI;SG;36035
37519SGI;SG;37519
35947SGI;SG;35947
35948SGI;SG;35948
36958SGI;SG;36958
37150SGI;SG;37150
36959SGI;SG;36959
39115SGI;SG;39115
33303SGI;SG;33303
39920SGI;SG;39920
40423SGI;SG;40423
40418SGI;SG;40418
40421SGI;SG;40421
39780SGI;SG;39780
39114SGI;SG;39114
37375SGI;SG;37375
37374SGI;SG;37374
37379SGI;SG;37379
37372SGI;SG;37372
36437SGI;SG;36437
37383SGI;SG;37383
34338SGI;SG;34338
34340SGI;SG;34340
34339SGI;SG;34339
39785SGI;SG;39785
34416SGI;SG;34416
37384SGI;SG;37384
37385SGI;SG;37385
34345SGI;SG;34345
39799SGI;SG;39799
34342SGI;SG;34342
36433SGI;SG;36433
36434SGI;SG;36434
37389SGI;SG;37389
37394SGI;SG;37394
37393SGI;SG;37393
37388SGI;SG;37388
36436SGI;SG;36436
33361SGI;SG;33361
34344SGI;SG;34344
34990SGI;SG;34990
39784SGI;SG;39784
36415SGI;SG;36415
36435SGI;SG;36435
33369SGI;SG;33369
34415SGI;SG;34415
34414SGI;SG;34414
39802SGI;SG;39802
36960SGI;SG;36960
34350SGI;SG;34350
36420SGI;SG;36420
39121SGI;SG;39121
37115SGI;SG;37115
37120SGI;SG;37120
37518SGI;SG;37518
39112SGI;SG;39112
39119SGI;SG;39119
35951SGI;SG;35951
39592SGI;SG;39592
36036SGI;SG;36036
36033SGI;SG;36033
35949SGI;SG;35949
36719SGI;SG;36719
39118SGI;SG;39118
33334SGI;SG;33334
40802SGI;SG;40802
28449SGI;SG;28449
40798SGI;SG;40798
37495SGI;SG;37495
33318SGI;SG;33318
33319SGI;SG;33319
33972SGI;SG;33972
30448SGI;SG;30448
36880SGI;SG;36880
40053SGI;SG;40053
40054SGI;SG;40054
36673SGI;SG;36673
36724SGI;SG;36724
36878SGI;SG;36878
36877SGI;SG;36877
36875SGI;SG;36875
33632SGI;SG;33632
32654SGI;SG;32654
32653SGI;SG;32653
37630SGI;SG;37630
40052SGI;SG;40052
40037SGI;SG;40037
40038SGI;SG;40038
35135SGI;SG;35135
40169SGI;SG;40169
33646SGI;SG;33646
40177SGI;SG;40177
40178SGI;SG;40178
30347SGI;SG;30347
36751SGI;SG;36751
39809SGI;SG;39809
36838SGI;SG;36838
36104SGI;SG;36104
36988SGI;SG;36988
37311SGI;SG;37311
37896SGI;SG;37896
37312SGI;SG;37312
37832SGI;SG;37832
37879SGI;SG;37879
33175SGI;SG;33175
33174SGI;SG;33174
36172SGI;SG;36172
36173SGI;SG;36173
36174SGI;SG;36174
34249SGI;SG;34249
39683SGI;SG;39683
39519SGI;SG;39519
39684SGI;SG;39684
39608SGI;SG;39608
37350SGI;SG;37350
39733SGI;SG;39733
36099SGI;SG;36099
36093SGI;SG;36093
33130SGI;SG;33130
36107SGI;SG;36107
36095SGI;SG;36095
36245SGI;SG;36245
36244SGI;SG;36244
36110SGI;SG;36110
33124SGI;SG;33124
37968SGI;SG;37968
37253SGI;SG;37253
37262SGI;SG;37262
37252SGI;SG;37252
37246SGI;SG;37246
37260SGI;SG;37260
37236SGI;SG;37236
37239SGI;SG;37239
36092SGI;SG;36092
40635SGI;SG;40635
40634SGI;SG;40634
40639SGI;SG;40639
40638SGI;SG;40638
40648SGI;SG;40648
40646SGI;SG;40646
40654SGI;SG;40654
40647SGI;SG;40647
33138SGI;SG;33138
30364SGI;SG;30364
36412SGI;SG;36412
36409SGI;SG;36409
40682SGI;SG;40682
36410SGI;SG;36410
40680SGI;SG;40680
40679SGI;SG;40679
36678SGI;SG;36678
36674SGI;SG;36674
36675SGI;SG;36675
30816SGI;SG;30816
40683SGI;SG;40683
37000SGI;SG;37000
37001SGI;SG;37001
36679SGI;SG;36679
37582SGI;SG;37582
35218SGI;SG;35218
35874SGI;SG;35874
39655SGI;SG;39655
39678SGI;SG;39678
35971SGI;SG;35971
36140SGI;SG;36140
35873SGI;SG;35873
37570SGI;SG;37570
36504SGI;SG;36504
39490SGI;SG;39490
38955SGI;SG;38955
38960SGI;SG;38960
38953SGI;SG;38953
35235SGI;SG;35235
39518SGI;SG;39518
39520SGI;SG;39520
35240SGI;SG;35240
37644SGI;SG;37644
38963SGI;SG;38963
39524SGI;SG;39524
38952SGI;SG;38952
39515SGI;SG;39515
39231SGI;SG;39231
35245SGI;SG;35245
38958SGI;SG;38958
38954SGI;SG;38954
36833SGI;SG;36833
36129SGI;SG;36129
39485SGI;SG;39485
30360SGI;SG;30360
36533SGI;SG;36533
38944SGI;SG;38944
38945SGI;SG;38945
37662SGI;SG;37662
36530SGI;SG;36530
36753SGI;SG;36753
37032SGI;SG;37032
40542SGI;SG;40542
36125SGI;SG;36125
39052SGI;SG;39052
40550SGI;SG;40550
37090SGI;SG;37090
33844SGI;SG;33844
37690SGI;SG;37690
37683SGI;SG;37683
37682SGI;SG;37682
37689SGI;SG;37689
40780SGI;SG;40780
39035SGI;SG;39035
39272SGI;SG;39272
36289SGI;SG;36289
36288SGI;SG;36288
36258SGI;SG;36258
37694SGI;SG;37694
37695SGI;SG;37695
40778SGI;SG;40778
40775SGI;SG;40775
40779SGI;SG;40779
36827SGI;SG;36827
37675SGI;SG;37675
37648SGI;SG;37648
36828SGI;SG;36828
40535SGI;SG;40535
40540SGI;SG;40540
40532SGI;SG;40532
36128SGI;SG;36128
36132SGI;SG;36132
30363SGI;SG;30363
40784SGI;SG;40784
37650SGI;SG;37650
30842SGI;SG;30842
39489SGI;SG;39489
39280SGI;SG;39280
36259SGI;SG;36259
39276SGI;SG;39276
36126SGI;SG;36126
36124SGI;SG;36124
33735SGI;SG;33735
25031SGI;SG;25031
36729SGI;SG;36729
37688SGI;SG;37688
36165SGI;SG;36165
33741SGI;SG;33741
39488SGI;SG;39488
36748SGI;SG;36748
36260SGI;SG;36260
37684SGI;SG;37684
37640SGI;SG;37640
36131SGI;SG;36131
39225SGI;SG;39225
39228SGI;SG;39228
39502SGI;SG;39502
39229SGI;SG;39229
38959SGI;SG;38959
39495SGI;SG;39495
39494SGI;SG;39494
39498SGI;SG;39498
39499SGI;SG;39499
39492SGI;SG;39492
39041SGI;SG;39041
40785SGI;SG;40785
37010SGI;SG;37010
37643SGI;SG;37643
37632SGI;SG;37632
37652SGI;SG;37652
37009SGI;SG;37009
37039SGI;SG;37039
37680SGI;SG;37680
37635SGI;SG;37635
37678SGI;SG;37678
40530SGI;SG;40530
40528SGI;SG;40528
40788SGI;SG;40788
40552SGI;SG;40552
40525SGI;SG;40525
40549SGI;SG;40549
39559SGI;SG;39559
39500SGI;SG;39500
40516SGI;SG;40516
36859SGI;SG;36859
36860SGI;SG;36860
40543SGI;SG;40543
40142SGI;SG;40142
40149SGI;SG;40149
36829SGI;SG;36829
39503SGI;SG;39503
40544SGI;SG;40544
39050SGI;SG;39050
39493SGI;SG;39493
37679SGI;SG;37679
36835SGI;SG;36835
37649SGI;SG;37649
36555SGI;SG;36555
32478SGI;SG;32478
32479SGI;SG;32479
37034SGI;SG;37034
32727SGI;SG;32727
37838SGI;SG;37838
35168SGI;SG;35168
37033SGI;SG;37033
32749SGI;SG;32749
36163SGI;SG;36163
39368SGI;SG;39368
36164SGI;SG;36164
39510SGI;SG;39510
32748SGI;SG;32748
39513SGI;SG;39513
39512SGI;SG;39512
39509SGI;SG;39509
39378SGI;SG;39378
39779SGI;SG;39779
31133SGI;SG;31133
36635SGI;SG;36635
36629SGI;SG;36629
33224SGI;SG;33224
39408SGI;SG;39408
39778SGI;SG;39778
39409SGI;SG;39409
37748SGI;SG;37748
37745SGI;SG;37745
38322SGI;SG;38322
39680SGI;SG;39680
34966SGI;SG;34966
37759SGI;SG;37759
37758SGI;SG;37758
38330SGI;SG;38330
34980SGI;SG;34980
39254SGI;SG;39254
38332SGI;SG;38332
34978SGI;SG;34978
39253SGI;SG;39253
37770SGI;SG;37770
37762SGI;SG;37762
37749SGI;SG;37749
37765SGI;SG;37765
39255SGI;SG;39255
37760SGI;SG;37760
34981SGI;SG;34981
37780SGI;SG;37780
34975SGI;SG;34975
38323SGI;SG;38323
37763SGI;SG;37763
37764SGI;SG;37764
37750SGI;SG;37750
39204SGI;SG;39204
39205SGI;SG;39205
36754SGI;SG;36754
37533SGI;SG;37533
40480SGI;SG;40480
39064SGI;SG;39064
40792SGI;SG;40792
37530SGI;SG;37530
39212SGI;SG;39212
39213SGI;SG;39213
39211SGI;SG;39211
39214SGI;SG;39214
34011SGI;SG;34011
34010SGI;SG;34010
34879SGI;SG;34879
34362SGI;SG;34362
34363SGI;SG;34363
34364SGI;SG;34364
34355SGI;SG;34355
34005SGI;SG;34005
34365SGI;SG;34365
38253SGI;SG;38253
38280SGI;SG;38280
36967SGI;SG;36967
33320SGI;SG;33320
39353SGI;SG;39353
33313SGI;SG;33313
36308SGI;SG;36308
35103SGI;SG;35103
39352SGI;SG;39352
37293SGI;SG;37293
37310SGI;SG;37310
37148SGI;SG;37148
37145SGI;SG;37145
37730SGI;SG;37730
32728SGI;SG;32728
32734SGI;SG;32734
34004SGI;SG;34004
37527SGI;SG;37527
34458SGI;SG;34458
34459SGI;SG;34459
34461SGI;SG;34461
34460SGI;SG;34460
32878SGI;SG;32878
32879SGI;SG;32879
30414SGI;SG;30414
38969SGI;SG;38969
37538SGI;SG;37538
38260SGI;SG;38260
35089SGI;SG;35089
35104SGI;SG;35104
37292SGI;SG;37292
36023SGI;SG;36023
40583SGI;SG;40583
39319SGI;SG;39319
40584SGI;SG;40584
36318SGI;SG;36318
36320SGI;SG;36320
36319SGI;SG;36319
39316SGI;SG;39316
34240SGI;SG;34240
34449SGI;SG;34449
34452SGI;SG;34452
34450SGI;SG;34450
32755SGI;SG;32755
32729SGI;SG;32729
34003SGI;SG;34003
35953SGI;SG;35953
34269SGI;SG;34269
34272SGI;SG;34272
37290SGI;SG;37290
39339SGI;SG;39339
38998SGI;SG;38998
38999SGI;SG;38999
39000SGI;SG;39000
39001SGI;SG;39001
39003SGI;SG;39003
32848SGI;SG;32848
32849SGI;SG;32849
32852SGI;SG;32852
32895SGI;SG;32895
38989SGI;SG;38989
32850SGI;SG;32850
35952SGI;SG;35952
34002SGI;SG;34002
37728SGI;SG;37728
37808SGI;SG;37808
32757SGI;SG;32757
37525SGI;SG;37525
37279SGI;SG;37279
34697SGI;SG;34697
34700SGI;SG;34700
34699SGI;SG;34699
36295SGI;SG;36295
36008SGI;SG;36008
35102SGI;SG;35102
38289SGI;SG;38289
38291SGI;SG;38291
37483SGI;SG;37483
37486SGI;SG;37486
30499SGI;SG;30499
39933SGI;SG;39933
37492SGI;SG;37492
39932SGI;SG;39932
37485SGI;SG;37485
39930SGI;SG;39930
37484SGI;SG;37484
36785SGI;SG;36785
36788SGI;SG;36788
33311SGI;SG;33311
37285SGI;SG;37285
39343SGI;SG;39343
39344SGI;SG;39344
33975SGI;SG;33975
34484SGI;SG;34484
34485SGI;SG;34485
32442SGI;SG;32442
35175SGI;SG;35175
32999SGI;SG;32999
33002SGI;SG;33002
34477SGI;SG;34477
34478SGI;SG;34478
40064SGI;SG;40064
40065SGI;SG;40065
37451SGI;SG;37451
37363SGI;SG;37363
39718SGI;SG;39718
33778SGI;SG;33778
33779SGI;SG;33779
37453SGI;SG;37453
39715SGI;SG;39715
37364SGI;SG;37364
33189SGI;SG;33189
33190SGI;SG;33190
37450SGI;SG;37450
37452SGI;SG;37452
37365SGI;SG;37365
39714SGI;SG;39714
33774SGI;SG;33774
33776SGI;SG;33776
37454SGI;SG;37454
33932SGI;SG;33932
34712SGI;SG;34712
38278SGI;SG;38278
39732SGI;SG;39732
37915SGI;SG;37915
28659SGI;SG;28659
39713SGI;SG;39713
39712SGI;SG;39712
34733SGI;SG;34733
39710SGI;SG;39710
34732SGI;SG;34732
39478SGI;SG;39478
39479SGI;SG;39479
28658SGI;SG;28658
33525SGI;SG;33525
40110SGI;SG;40110
37605SGI;SG;37605
40109SGI;SG;40109
37884SGI;SG;37884
36333SGI;SG;36333
36334SGI;SG;36334
36335SGI;SG;36335
34831SGI;SG;34831
36575SGI;SG;36575
36801SGI;SG;36801
36585SGI;SG;36585
36654SGI;SG;36654
34770SGI;SG;34770
40121SGI;SG;40121
40122SGI;SG;40122
36586SGI;SG;36586
36574SGI;SG;36574
36802SGI;SG;36802
36652SGI;SG;36652
36332SGI;SG;36332
36800SGI;SG;36800
36330SGI;SG;36330
39473SGI;SG;39473
39474SGI;SG;39474
39619SGI;SG;39619
33751SGI;SG;33751
33392SGI;SG;33392
33393SGI;SG;33393
33394SGI;SG;33394
35020SGI;SG;35020
40055SGI;SG;40055
39232SGI;SG;39232
39245SGI;SG;39245
39233SGI;SG;39233
39252SGI;SG;39252
39240SGI;SG;39240
32922SGI;SG;32922
39242SGI;SG;39242
39247SGI;SG;39247
39244SGI;SG;39244
32929SGI;SG;32929
39250SGI;SG;39250
39243SGI;SG;39243
39248SGI;SG;39248
32928SGI;SG;32928
32932SGI;SG;32932
32920SGI;SG;32920
39237SGI;SG;39237
39249SGI;SG;39249
32908SGI;SG;32908
32921SGI;SG;32921
39238SGI;SG;39238
32940SGI;SG;32940
40950SGI;SG;40950
40945SGI;SG;40945
37124SGI;SG;37124
37125SGI;SG;37125
36883SGI;SG;36883
37123SGI;SG;37123
37122SGI;SG;37122
36444SGI;SG;36444
32817SGI;SG;32817
39885SGI;SG;39885
36529SGI;SG;36529
39866SGI;SG;39866
39889SGI;SG;39889
34558SGI;SG;34558
36219SGI;SG;36219
36370SGI;SG;36370
39605SGI;SG;39605
39868SGI;SG;39868
39865SGI;SG;39865
36526SGI;SG;36526
32812SGI;SG;32812
36371SGI;SG;36371
39432SGI;SG;39432
39859SGI;SG;39859
39270SGI;SG;39270
39024SGI;SG;39024
37575SGI;SG;37575
37563SGI;SG;37563
33217SGI;SG;33217
34370SGI;SG;34370
33197SGI;SG;33197
33195SGI;SG;33195
36439SGI;SG;36439
36438SGI;SG;36438
36440SGI;SG;36440
37128SGI;SG;37128
33216SGI;SG;33216
37840SGI;SG;37840
39198SGI;SG;39198
34665SGI;SG;34665
34305SGI;SG;34305
43325SGI;SG;43325
30379SGI;SG;30379
32831SGI;SG;32831
32811SGI;SG;32811
34304SGI;SG;34304
39840SGI;SG;39840
33986SGI;SG;33986
37342SGI;SG;37342
39724SGI;SG;39724
37340SGI;SG;37340
37341SGI;SG;37341
37089SGI;SG;37089
37343SGI;SG;37343
39723SGI;SG;39723
40619SGI;SG;40619
37338SGI;SG;37338
37345SGI;SG;37345
35936SGI;SG;35936
37344SGI;SG;37344
32823SGI;SG;32823
37083SGI;SG;37083
35082SGI;SG;35082
37892SGI;SG;37892
36235SGI;SG;36235
39038SGI;SG;39038
37002SGI;SG;37002
37003SGI;SG;37003
34832SGI;SG;34832
33784SGI;SG;33784
34390SGI;SG;34390
36345SGI;SG;36345
32839SGI;SG;32839
38279SGI;SG;38279
32838SGI;SG;32838
34870SGI;SG;34870
33165SGI;SG;33165
36546SGI;SG;36546
36767SGI;SG;36767
36202SGI;SG;36202
33911SGI;SG;33911
30371SGI;SG;30371
33912SGI;SG;33912
38269SGI;SG;38269
34078SGI;SG;34078
32835SGI;SG;32835
40769SGI;SG;40769
40768SGI;SG;40768
39049SGI;SG;39049
36368SGI;SG;36368
36348SGI;SG;36348
37515SGI;SG;37515
36874SGI;SG;36874
36873SGI;SG;36873
38275SGI;SG;38275
32750SGI;SG;32750
33995SGI;SG;33995
40560SGI;SG;40560
40553SGI;SG;40553
40555SGI;SG;40555
40554SGI;SG;40554
40558SGI;SG;40558
40559SGI;SG;40559
41580SGI;SG;41580
39727SGI;SG;39727
39725SGI;SG;39725
33129SGI;SG;33129
36248SGI;SG;36248
36102SGI;SG;36102
37251SGI;SG;37251
37255SGI;SG;37255
36252SGI;SG;36252
36254SGI;SG;36254
33147SGI;SG;33147
36253SGI;SG;36253
37244SGI;SG;37244
40640SGI;SG;40640
40642SGI;SG;40642
40643SGI;SG;40643
37965SGI;SG;37965
33923SGI;SG;33923
37872SGI;SG;37872
37873SGI;SG;37873
36993SGI;SG;36993
37869SGI;SG;37869
37308SGI;SG;37308
36569SGI;SG;36569
36570SGI;SG;36570
37304SGI;SG;37304
36935SGI;SG;36935
36990SGI;SG;36990
36989SGI;SG;36989
37870SGI;SG;37870
37874SGI;SG;37874
37871SGI;SG;37871
39722SGI;SG;39722
34651SGI;SG;34651
32592SGI;SG;32592
36558SGI;SG;36558
33162SGI;SG;33162
36559SGI;SG;36559
31209SGI;SG;31209
36556SGI;SG;36556
34835SGI;SG;34835
40118SGI;SG;40118
40119SGI;SG;40119
36580SGI;SG;36580
31444SGI;SG;31444
36582SGI;SG;36582
37464SGI;SG;37464
37465SGI;SG;37465
34708SGI;SG;34708
36576SGI;SG;36576
37462SGI;SG;37462
36979SGI;SG;36979
34779SGI;SG;34779
36980SGI;SG;36980
37875SGI;SG;37875
39805SGI;SG;39805
34778SGI;SG;34778
34818SGI;SG;34818
36725SGI;SG;36725
34090SGI;SG;34090
33253SGI;SG;33253
34089SGI;SG;34089
38310SGI;SG;38310
34088SGI;SG;34088
34091SGI;SG;34091
40103SGI;SG;40103
33528SGI;SG;33528
40098SGI;SG;40098
37607SGI;SG;37607
39630SGI;SG;39630
39629SGI;SG;39629
37448SGI;SG;37448
37444SGI;SG;37444
37445SGI;SG;37445
37449SGI;SG;37449
34828SGI;SG;34828
33950SGI;SG;33950
33952SGI;SG;33952
36656SGI;SG;36656
39843SGI;SG;39843
37959SGI;SG;37959
33931SGI;SG;33931
39844SGI;SG;39844
40129SGI;SG;40129
40130SGI;SG;40130
39845SGI;SG;39845
36655SGI;SG;36655
37958SGI;SG;37958
35990SGI;SG;35990
34473SGI;SG;34473
33924SGI;SG;33924
34493SGI;SG;34493
36893SGI;SG;36893
33692SGI;SG;33692
33700SGI;SG;33700
39643SGI;SG;39643
39594SGI;SG;39594
39640SGI;SG;39640
40242SGI;SG;40242
34491SGI;SG;34491
34595SGI;SG;34595
34585SGI;SG;34585
34589SGI;SG;34589
40244SGI;SG;40244
34588SGI;SG;34588
33670SGI;SG;33670
40240SGI;SG;40240
34598SGI;SG;34598
33661SGI;SG;33661
33663SGI;SG;33663
33664SGI;SG;33664
40245SGI;SG;40245
33690SGI;SG;33690
33682SGI;SG;33682
33687SGI;SG;33687
33686SGI;SG;33686
33678SGI;SG;33678
33689SGI;SG;33689
39730SGI;SG;39730
39728SGI;SG;39728
36233SGI;SG;36233
34475SGI;SG;34475
34247SGI;SG;34247
40494SGI;SG;40494
34492SGI;SG;34492
33812SGI;SG;33812
33802SGI;SG;33802
40073SGI;SG;40073
38252SGI;SG;38252
38259SGI;SG;38259
37298SGI;SG;37298
36011SGI;SG;36011
33804SGI;SG;33804
36015SGI;SG;36015
39613SGI;SG;39613
39612SGI;SG;39612
36522SGI;SG;36522
36452SGI;SG;36452
36520SGI;SG;36520
36453SGI;SG;36453
37412SGI;SG;37412
37413SGI;SG;37413
37411SGI;SG;37411
36450SGI;SG;36450
39072SGI;SG;39072
36194SGI;SG;36194
34079SGI;SG;34079
36193SGI;SG;36193
30938SGI;SG;30938
40759SGI;SG;40759
36203SGI;SG;36203
40748SGI;SG;40748
38359SGI;SG;38359
40762SGI;SG;40762
38360SGI;SG;38360
36352SGI;SG;36352
40425SGI;SG;40425
34949SGI;SG;34949
36920SGI;SG;36920
35120SGI;SG;35120
35121SGI;SG;35121
39504SGI;SG;39504
39505SGI;SG;39505
39508SGI;SG;39508
37540SGI;SG;37540
39363SGI;SG;39363
39364SGI;SG;39364
39360SGI;SG;39360
39359SGI;SG;39359
37418SGI;SG;37418
34928SGI;SG;34928
34659SGI;SG;34659
34534SGI;SG;34534
40765SGI;SG;40765
40763SGI;SG;40763
35053SGI;SG;35053
36195SGI;SG;36195
34062SGI;SG;34062
36152SGI;SG;36152
37295SGI;SG;37295
39394SGI;SG;39394
39395SGI;SG;39395
35092SGI;SG;35092
37302SGI;SG;37302
39392SGI;SG;39392
39396SGI;SG;39396
34938SGI;SG;34938
35118SGI;SG;35118
35125SGI;SG;35125
39598SGI;SG;39598
34933SGI;SG;34933
39599SGI;SG;39599
37432SGI;SG;37432
37435SGI;SG;37435
37434SGI;SG;37434
37433SGI;SG;37433
37415SGI;SG;37415
37082SGI;SG;37082
39369SGI;SG;39369
35054SGI;SG;35054
34535SGI;SG;34535
40764SGI;SG;40764
34658SGI;SG;34658
36198SGI;SG;36198
34070SGI;SG;34070
34538SGI;SG;34538
40750SGI;SG;40750
40751SGI;SG;40751
40749SGI;SG;40749
40752SGI;SG;40752
30538SGI;SG;30538
36290SGI;SG;36290
30528SGI;SG;30528
36292SGI;SG;36292
30530SGI;SG;30530
34574SGI;SG;34574
35824SGI;SG;35824
30994SGI;SG;30994
35823SGI;SG;35823
33638SGI;SG;33638
34774SGI;SG;34774
34783SGI;SG;34783
33522SGI;SG;33522
33523SGI;SG;33523
36028SGI;SG;36028
33524SGI;SG;33524
34775SGI;SG;34775
37881SGI;SG;37881
36029SGI;SG;36029
34784SGI;SG;34784
40117SGI;SG;40117
37880SGI;SG;37880
40115SGI;SG;40115
36112SGI;SG;36112
34958SGI;SG;34958
36116SGI;SG;36116
33114SGI;SG;33114
39023SGI;SG;39023
39022SGI;SG;39022
36118SGI;SG;36118
33113SGI;SG;33113
36119SGI;SG;36119
39015SGI;SG;39015
36120SGI;SG;36120
36209SGI;SG;36209
40061SGI;SG;40061
36115SGI;SG;36115
40958SGI;SG;40958
40957SGI;SG;40957
36213SGI;SG;36213
40959SGI;SG;40959
36113SGI;SG;36113
34960SGI;SG;34960
36210SGI;SG;36210
34178SGI;SG;34178
41189SGI;SG;41189
41190SGI;SG;41190
34962SGI;SG;34962
34953SGI;SG;34953
40644SGI;SG;40644
31401SGI;SG;31401
36974SGI;SG;36974
278843SGI;SG;278843
35030SGI;SG;35030
32570SGI;SG;32570
37324SGI;SG;37324
37323SGI;SG;37323
33464SGI;SG;33464
33909SGI;SG;33909
33898SGI;SG;33898
34519SGI;SG;34519
33915SGI;SG;33915
33914SGI;SG;33914
33910SGI;SG;33910
33894SGI;SG;33894
36103SGI;SG;36103
37256SGI;SG;37256
40653SGI;SG;40653
40649SGI;SG;40649
40650SGI;SG;40650
40652SGI;SG;40652
36109SGI;SG;36109
36256SGI;SG;36256
33125SGI;SG;33125
34171SGI;SG;34171
40663SGI;SG;40663
36090SGI;SG;36090
33143SGI;SG;33143
40660SGI;SG;40660
40662SGI;SG;40662
35244SGI;SG;35244
35234SGI;SG;35234
36824SGI;SG;36824
35243SGI;SG;35243
32660SGI;SG;32660
37475SGI;SG;37475
36823SGI;SG;36823
30495SGI;SG;30495
33305SGI;SG;33305
33304SGI;SG;33304
36735SGI;SG;36735
36732SGI;SG;36732
40140SGI;SG;40140
36734SGI;SG;36734
36733SGI;SG;36733
37673SGI;SG;37673
33309SGI;SG;33309
32628SGI;SG;32628
32635SGI;SG;32635
37639SGI;SG;37639
40783SGI;SG;40783
33308SGI;SG;33308
40782SGI;SG;40782
37476SGI;SG;37476
33851SGI;SG;33851
30853SGI;SG;30853
36743SGI;SG;36743
36744SGI;SG;36744
36745SGI;SG;36745
36730SGI;SG;36730
36739SGI;SG;36739
32643SGI;SG;32643
37638SGI;SG;37638
32627SGI;SG;32627
30828SGI;SG;30828
30822SGI;SG;30822
33849SGI;SG;33849
33852SGI;SG;33852
40515SGI;SG;40515
40789SGI;SG;40789
40513SGI;SG;40513
40519SGI;SG;40519
33858SGI;SG;33858
32655SGI;SG;32655
32659SGI;SG;32659
32634SGI;SG;32634
40545SGI;SG;40545
33854SGI;SG;33854
37633SGI;SG;37633
39430SGI;SG;39430
40605SGI;SG;40605
37075SGI;SG;37075
37079SGI;SG;37079
34294SGI;SG;34294
37322SGI;SG;37322
37078SGI;SG;37078
34555SGI;SG;34555
34168SGI;SG;34168
33985SGI;SG;33985
36085SGI;SG;36085
34044SGI;SG;34044
35929SGI;SG;35929
37320SGI;SG;37320
39842SGI;SG;39842
34298SGI;SG;34298
36089SGI;SG;36089
37084SGI;SG;37084
34165SGI;SG;34165
34299SGI;SG;34299
37528SGI;SG;37528
38249SGI;SG;38249
34419SGI;SG;34419
37600SGI;SG;37600
40488SGI;SG;40488
40309SGI;SG;40309
36939SGI;SG;36939
37309SGI;SG;37309
40298SGI;SG;40298
36942SGI;SG;36942
37301SGI;SG;37301
34424SGI;SG;34424
40489SGI;SG;40489
39308SGI;SG;39308
36649SGI;SG;36649
40305SGI;SG;40305
39299SGI;SG;39299
37286SGI;SG;37286
34421SGI;SG;34421
34425SGI;SG;34425
36945SGI;SG;36945
34418SGI;SG;34418
39305SGI;SG;39305
39304SGI;SG;39304
36948SGI;SG;36948
40307SGI;SG;40307
36949SGI;SG;36949
39303SGI;SG;39303
40304SGI;SG;40304
39302SGI;SG;39302
36947SGI;SG;36947
34422SGI;SG;34422
40310SGI;SG;40310
40303SGI;SG;40303
39300SGI;SG;39300
33905SGI;SG;33905
33904SGI;SG;33904
34903SGI;SG;34903
34905SGI;SG;34905
33780SGI;SG;33780
33783SGI;SG;33783
33781SGI;SG;33781
34904SGI;SG;34904
40248SGI;SG;40248
34908SGI;SG;34908
34902SGI;SG;34902
33782SGI;SG;33782
34923SGI;SG;34923
33900SGI;SG;33900
36239SGI;SG;36239
33902SGI;SG;33902
40232SGI;SG;40232
37818SGI;SG;37818
34489SGI;SG;34489
32779SGI;SG;32779
39383SGI;SG;39383
32780SGI;SG;32780
39384SGI;SG;39384
39224SGI;SG;39224
39223SGI;SG;39223
40949SGI;SG;40949
40948SGI;SG;40948
40953SGI;SG;40953
39221SGI;SG;39221
40951SGI;SG;40951
39219SGI;SG;39219
40955SGI;SG;40955
40960SGI;SG;40960
39222SGI;SG;39222
40961SGI;SG;40961
40952SGI;SG;40952
40962SGI;SG;40962
40964SGI;SG;40964
33958SGI;SG;33958
32775SGI;SG;32775
39220SGI;SG;39220
36516SGI;SG;36516
37220SGI;SG;37220
36243SGI;SG;36243
30995SGI;SG;30995
39863SGI;SG;39863
41285SGI;SG;41285
35932SGI;SG;35932
32605SGI;SG;32605
41279SGI;SG;41279
39528SGI;SG;39528
40585SGI;SG;40585
37848SGI;SG;37848
36483SGI;SG;36483
36487SGI;SG;36487
32612SGI;SG;32612
30555SGI;SG;30555
36496SGI;SG;36496
36490SGI;SG;36490
36498SGI;SG;36498
35931SGI;SG;35931
36492SGI;SG;36492
36484SGI;SG;36484
34303SGI;SG;34303
39535SGI;SG;39535
37784SGI;SG;37784
32882SGI;SG;32882
34302SGI;SG;34302
36375SGI;SG;36375
34301SGI;SG;34301
40588SGI;SG;40588
40589SGI;SG;40589
41268SGI;SG;41268
41273SGI;SG;41273
32508SGI;SG;32508
40592SGI;SG;40592
36363SGI;SG;36363
35129SGI;SG;35129
36715SGI;SG;36715
39822SGI;SG;39822
36713SGI;SG;36713
39034SGI;SG;39034
37844SGI;SG;37844
39033SGI;SG;39033
39065SGI;SG;39065
39042SGI;SG;39042
40600SGI;SG;40600
37842SGI;SG;37842
40594SGI;SG;40594
39530SGI;SG;39530
39828SGI;SG;39828
35130SGI;SG;35130
35132SGI;SG;35132
36718SGI;SG;36718
36712SGI;SG;36712
39819SGI;SG;39819
37843SGI;SG;37843
39813SGI;SG;39813
39533SGI;SG;39533
39838SGI;SG;39838
37821SGI;SG;37821
36714SGI;SG;36714
39830SGI;SG;39830
41290SGI;SG;41290
33562SGI;SG;33562
39820SGI;SG;39820
36684SGI;SG;36684
39823SGI;SG;39823
40602SGI;SG;40602
40595SGI;SG;40595
40669SGI;SG;40669
36711SGI;SG;36711
39818SGI;SG;39818
41295SGI;SG;41295
37004SGI;SG;37004
39032SGI;SG;39032
40603SGI;SG;40603
33628SGI;SG;33628
39054SGI;SG;39054
41282SGI;SG;41282
37845SGI;SG;37845
39532SGI;SG;39532
39534SGI;SG;39534
35211SGI;SG;35211
41302SGI;SG;41302
41300SGI;SG;41300
37111SGI;SG;37111
32689SGI;SG;32689
39804SGI;SG;39804
40049SGI;SG;40049
40050SGI;SG;40050
36709SGI;SG;36709
40593SGI;SG;40593
39829SGI;SG;39829
41308SGI;SG;41308
37921SGI;SG;37921
36544SGI;SG;36544
31171SGI;SG;31171
36543SGI;SG;36543
38311SGI;SG;38311
37923SGI;SG;37923
36545SGI;SG;36545
36542SGI;SG;36542
34085SGI;SG;34085
33184SGI;SG;33184
33187SGI;SG;33187
33182SGI;SG;33182
33185SGI;SG;33185
34084SGI;SG;34084
33181SGI;SG;33181
36539SGI;SG;36539
33183SGI;SG;33183
33180SGI;SG;33180
34082SGI;SG;34082
36538SGI;SG;36538
37922SGI;SG;37922
34709SGI;SG;34709
36763SGI;SG;36763
34080SGI;SG;34080
34081SGI;SG;34081
34824SGI;SG;34824
36765SGI;SG;36765
38309SGI;SG;38309
33790SGI;SG;33790
37912SGI;SG;37912
37602SGI;SG;37602
37603SGI;SG;37603
40095SGI;SG;40095
39638SGI;SG;39638
39632SGI;SG;39632
39634SGI;SG;39634
39635SGI;SG;39635
39639SGI;SG;39639
39633SGI;SG;39633
34671SGI;SG;34671
37911SGI;SG;37911
37910SGI;SG;37910
37909SGI;SG;37909
39689SGI;SG;39689
39688SGI;SG;39688
37473SGI;SG;37473
37468SGI;SG;37468
33748SGI;SG;33748
37349SGI;SG;37349
37472SGI;SG;37472
34672SGI;SG;34672
37353SGI;SG;37353
37355SGI;SG;37355
37461SGI;SG;37461
37455SGI;SG;37455
37963SGI;SG;37963
37459SGI;SG;37459
37962SGI;SG;37962
37955SGI;SG;37955
37460SGI;SG;37460
37458SGI;SG;37458
34474SGI;SG;34474
37351SGI;SG;37351
36644SGI;SG;36644
39704SGI;SG;39704
33743SGI;SG;33743
33762SGI;SG;33762
34803SGI;SG;34803
34804SGI;SG;34804
34802SGI;SG;34802
37954SGI;SG;37954
37953SGI;SG;37953
35988SGI;SG;35988
35987SGI;SG;35987
34739SGI;SG;34739
35989SGI;SG;35989
35985SGI;SG;35985
37961SGI;SG;37961
37960SGI;SG;37960
38270SGI;SG;38270
37891SGI;SG;37891
39028SGI;SG;39028
32435SGI;SG;32435
37889SGI;SG;37889
37890SGI;SG;37890
32444SGI;SG;32444
32721SGI;SG;32721
30888SGI;SG;30888
39010SGI;SG;39010
32720SGI;SG;32720
32445SGI;SG;32445
32448SGI;SG;32448
37804SGI;SG;37804
32452SGI;SG;32452
34648SGI;SG;34648
37805SGI;SG;37805
39134SGI;SG;39134
35165SGI;SG;35165
39295SGI;SG;39295
39472SGI;SG;39472
36187SGI;SG;36187
39298SGI;SG;39298
39282SGI;SG;39282
36188SGI;SG;36188
39388SGI;SG;39388
39283SGI;SG;39283
39951SGI;SG;39951
39389SGI;SG;39389
40385SGI;SG;40385
40345SGI;SG;40345
40383SGI;SG;40383
40348SGI;SG;40348
40343SGI;SG;40343
40350SGI;SG;40350
40334SGI;SG;40334
40378SGI;SG;40378
40339SGI;SG;40339
35914SGI;SG;35914
40333SGI;SG;40333
40354SGI;SG;40354
38372SGI;SG;38372
38370SGI;SG;38370
38393SGI;SG;38393
40349SGI;SG;40349
38415SGI;SG;38415
38390SGI;SG;38390
35923SGI;SG;35923
38394SGI;SG;38394
38389SGI;SG;38389
35909SGI;SG;35909
38380SGI;SG;38380
38392SGI;SG;38392
35920SGI;SG;35920
35913SGI;SG;35913
35910SGI;SG;35910
35898SGI;SG;35898
38398SGI;SG;38398
38423SGI;SG;38423
35917SGI;SG;35917
34128SGI;SG;34128
38373SGI;SG;38373
35918SGI;SG;35918
35919SGI;SG;35919
35928SGI;SG;35928
34139SGI;SG;34139
38418SGI;SG;38418
34142SGI;SG;34142
35908SGI;SG;35908
38422SGI;SG;38422
15915SGI;SG;15915
33020SGI;SG;33020
34141SGI;SG;34141
40314SGI;SG;40314
40317SGI;SG;40317
35893SGI;SG;35893
38383SGI;SG;38383
38410SGI;SG;38410
38432SGI;SG;38432
33016SGI;SG;33016
33013SGI;SG;33013
38433SGI;SG;38433
38414SGI;SG;38414
40344SGI;SG;40344
40379SGI;SG;40379
40382SGI;SG;40382
35899SGI;SG;35899
38429SGI;SG;38429
38379SGI;SG;38379
38400SGI;SG;38400
40337SGI;SG;40337
33030SGI;SG;33030
35915SGI;SG;35915
34133SGI;SG;34133
34123SGI;SG;34123
33029SGI;SG;33029
40340SGI;SG;40340
24723SGI;SG;24723
35903SGI;SG;35903
35924SGI;SG;35924
35922SGI;SG;35922
35927SGI;SG;35927
40355SGI;SG;40355
40370SGI;SG;40370
24728SGI;SG;24728
33031SGI;SG;33031
38385SGI;SG;38385
35905SGI;SG;35905
35925SGI;SG;35925
38405SGI;SG;38405
34136SGI;SG;34136
34143SGI;SG;34143
35895SGI;SG;35895
34146SGI;SG;34146
34126SGI;SG;34126
33028SGI;SG;33028
33024SGI;SG;33024
34149SGI;SG;34149
34121SGI;SG;34121
38407SGI;SG;38407
34144SGI;SG;34144
38395SGI;SG;38395
38421SGI;SG;38421
24725SGI;SG;24725
34135SGI;SG;34135
33023SGI;SG;33023
18244SGI;SG;18244
40372SGI;SG;40372
35900SGI;SG;35900
35904SGI;SG;35904
38409SGI;SG;38409
33025SGI;SG;33025
38424SGI;SG;38424
38403SGI;SG;38403
38425SGI;SG;38425
40327SGI;SG;40327
40320SGI;SG;40320
33573SGI;SG;33573
40322SGI;SG;40322
40328SGI;SG;40328
40380SGI;SG;40380
33017SGI;SG;33017
40388SGI;SG;40388
40389SGI;SG;40389
38368SGI;SG;38368
33015SGI;SG;33015
34115SGI;SG;34115
38419SGI;SG;38419
38399SGI;SG;38399
40313SGI;SG;40313
40323SGI;SG;40323
40324SGI;SG;40324
40325SGI;SG;40325
38434SGI;SG;38434
36879SGI;SG;36879
33019SGI;SG;33019
38382SGI;SG;38382
36703SGI;SG;36703
36705SGI;SG;36705
36704SGI;SG;36704
33595SGI;SG;33595
33603SGI;SG;33603
33601SGI;SG;33601
33600SGI;SG;33600
36699SGI;SG;36699
41185SGI;SG;41185
41183SGI;SG;41183
41184SGI;SG;41184
36232SGI;SG;36232
36231SGI;SG;36231
37529SGI;SG;37529
37532SGI;SG;37532
38255SGI;SG;38255
34952SGI;SG;34952
34950SGI;SG;34950
38904SGI;SG;38904
38905SGI;SG;38905
39451SGI;SG;39451
39445SGI;SG;39445
39453SGI;SG;39453
36964SGI;SG;36964
39062SGI;SG;39062
36965SGI;SG;36965
39061SGI;SG;39061
34682SGI;SG;34682
30463SGI;SG;30463
39063SGI;SG;39063
25190SGI;SG;25190
37731SGI;SG;37731
37718SGI;SG;37718
36022SGI;SG;36022
37558SGI;SG;37558
36006SGI;SG;36006
37555SGI;SG;37555
37545SGI;SG;37545
37544SGI;SG;37544
37559SGI;SG;37559
37548SGI;SG;37548
37552SGI;SG;37552
37550SGI;SG;37550
37549SGI;SG;37549
34931SGI;SG;34931
34932SGI;SG;34932
39365SGI;SG;39365
36310SGI;SG;36310
36312SGI;SG;36312
39355SGI;SG;39355
38909SGI;SG;38909
35098SGI;SG;35098
38442SGI;SG;38442
38443SGI;SG;38443
36937SGI;SG;36937
36938SGI;SG;36938
37143SGI;SG;37143
37144SGI;SG;37144
37938SGI;SG;37938
37940SGI;SG;37940
32753SGI;SG;32753
37943SGI;SG;37943
37733SGI;SG;37733
32875SGI;SG;32875
37720SGI;SG;37720
36020SGI;SG;36020
36005SGI;SG;36005
36158SGI;SG;36158
36157SGI;SG;36157
38965SGI;SG;38965
38964SGI;SG;38964
37535SGI;SG;37535
38261SGI;SG;38261
35024SGI;SG;35024
35023SGI;SG;35023
38262SGI;SG;38262
37534SGI;SG;37534
35093SGI;SG;35093
36750SGI;SG;36750
36749SGI;SG;36749
35094SGI;SG;35094
35025SGI;SG;35025
37299SGI;SG;37299
35028SGI;SG;35028
37300SGI;SG;37300
35029SGI;SG;35029
36324SGI;SG;36324
37430SGI;SG;37430
37429SGI;SG;37429
37732SGI;SG;37732
37719SGI;SG;37719
36010SGI;SG;36010
33169SGI;SG;33169
39464SGI;SG;39464
36004SGI;SG;36004
39462SGI;SG;39462
39465SGI;SG;39465
39459SGI;SG;39459
39460SGI;SG;39460
39468SGI;SG;39468
39463SGI;SG;39463
37944SGI;SG;37944
37941SGI;SG;37941
39461SGI;SG;39461
28533SGI;SG;28533
37813SGI;SG;37813
37814SGI;SG;37814
39335SGI;SG;39335
37815SGI;SG;37815
39004SGI;SG;39004
39005SGI;SG;39005
39048SGI;SG;39048
39045SGI;SG;39045
32889SGI;SG;32889
38984SGI;SG;38984
32860SGI;SG;32860
32864SGI;SG;32864
37824SGI;SG;37824
32890SGI;SG;32890
37939SGI;SG;37939
38985SGI;SG;38985
32863SGI;SG;32863
37945SGI;SG;37945
37942SGI;SG;37942
32754SGI;SG;32754
37282SGI;SG;37282
37280SGI;SG;37280
37554SGI;SG;37554
37313SGI;SG;37313
37553SGI;SG;37553
37314SGI;SG;37314
40083SGI;SG;40083
36350SGI;SG;36350
39919SGI;SG;39919
40080SGI;SG;40080
40075SGI;SG;40075
40078SGI;SG;40078
40079SGI;SG;40079
37514SGI;SG;37514
40081SGI;SG;40081
40084SGI;SG;40084
39926SGI;SG;39926
39623SGI;SG;39623
37513SGI;SG;37513
39622SGI;SG;39622
40087SGI;SG;40087
40088SGI;SG;40088
40085SGI;SG;40085
40077SGI;SG;40077
38910SGI;SG;38910
34900SGI;SG;34900
35980SGI;SG;35980
37108SGI;SG;37108
39901SGI;SG;39901
39900SGI;SG;39900
40461SGI;SG;40461
39345SGI;SG;39345
40460SGI;SG;40460
40470SGI;SG;40470
40468SGI;SG;40468
40459SGI;SG;40459
39019SGI;SG;39019
39014SGI;SG;39014
40815SGI;SG;40815
36215SGI;SG;36215
34030SGI;SG;34030
34014SGI;SG;34014
36214SGI;SG;36214
40090SGI;SG;40090
33998SGI;SG;33998
33999SGI;SG;33999
37524SGI;SG;37524
34008SGI;SG;34008
37425SGI;SG;37425
33468SGI;SG;33468
33472SGI;SG;33472
33470SGI;SG;33470
39484SGI;SG;39484
39469SGI;SG;39469
39454SGI;SG;39454
37693SGI;SG;37693
35241SGI;SG;35241
36489SGI;SG;36489
35242SGI;SG;35242
39904SGI;SG;39904
35112SGI;SG;35112
35146SGI;SG;35146
36535SGI;SG;36535
36534SGI;SG;36534
32472SGI;SG;32472
37283SGI;SG;37283
37888SGI;SG;37888
35147SGI;SG;35147
27410SGI;SG;27410
39903SGI;SG;39903
39908SGI;SG;39908
39905SGI;SG;39905
39609SGI;SG;39609
37410SGI;SG;37410
34799SGI;SG;34799
33890SGI;SG;33890
33956SGI;SG;33956
34864SGI;SG;34864
33895SGI;SG;33895
33913SGI;SG;33913
40147SGI;SG;40147
37028SGI;SG;37028
37409SGI;SG;37409
39610SGI;SG;39610
39583SGI;SG;39583
35215SGI;SG;35215
39584SGI;SG;39584
32471SGI;SG;32471
33011SGI;SG;33011
33009SGI;SG;33009
30990SGI;SG;30990
37212SGI;SG;37212
30989SGI;SG;30989
39990SGI;SG;39990
36169SGI;SG;36169
37225SGI;SG;37225
40289SGI;SG;40289
37232SGI;SG;37232
36170SGI;SG;36170
37234SGI;SG;37234
37233SGI;SG;37233
39994SGI;SG;39994
37215SGI;SG;37215
36171SGI;SG;36171
36610SGI;SG;36610
34614SGI;SG;34614
27575SGI;SG;27575
39968SGI;SG;39968
39989SGI;SG;39989
39969SGI;SG;39969
39984SGI;SG;39984
34623SGI;SG;34623
39080SGI;SG;39080
39975SGI;SG;39975
37200SGI;SG;37200
36604SGI;SG;36604
32990SGI;SG;32990
37214SGI;SG;37214
37203SGI;SG;37203
37218SGI;SG;37218
33004SGI;SG;33004
36603SGI;SG;36603
34622SGI;SG;34622
39972SGI;SG;39972
37235SGI;SG;37235
39078SGI;SG;39078
37428SGI;SG;37428
34620SGI;SG;34620
36781SGI;SG;36781
36782SGI;SG;36782
36779SGI;SG;36779
37172SGI;SG;37172
40686SGI;SG;40686
40685SGI;SG;40685
40684SGI;SG;40684
30752SGI;SG;30752
39059SGI;SG;39059
40688SGI;SG;40688
36790SGI;SG;36790
39060SGI;SG;39060
36792SGI;SG;36792
36791SGI;SG;36791
33293SGI;SG;33293
33292SGI;SG;33292
33315SGI;SG;33315
39924SGI;SG;39924
39928SGI;SG;39928
34404SGI;SG;34404
37478SGI;SG;37478
34409SGI;SG;34409
36793SGI;SG;36793
33300SGI;SG;33300
33314SGI;SG;33314
33294SGI;SG;33294
33291SGI;SG;33291
33288SGI;SG;33288
33302SGI;SG;33302
36794SGI;SG;36794
39910SGI;SG;39910
39915SGI;SG;39915
39925SGI;SG;39925
39914SGI;SG;39914
36814SGI;SG;36814
37480SGI;SG;37480
33290SGI;SG;33290
37481SGI;SG;37481
39913SGI;SG;39913
37502SGI;SG;37502
40082SGI;SG;40082
33429SGI;SG;33429
36805SGI;SG;36805
33431SGI;SG;33431
37504SGI;SG;37504
37505SGI;SG;37505
33421SGI;SG;33421
40089SGI;SG;40089
36818SGI;SG;36818
34600SGI;SG;34600
30648SGI;SG;30648
36811SGI;SG;36811
34405SGI;SG;34405
33289SGI;SG;33289
36815SGI;SG;36815
37479SGI;SG;37479
36810SGI;SG;36810
36809SGI;SG;36809
36808SGI;SG;36808
36817SGI;SG;36817
39735SGI;SG;39735
39194SGI;SG;39194
33202SGI;SG;33202
36448SGI;SG;36448
36449SGI;SG;36449
36446SGI;SG;36446
36445SGI;SG;36445
36227SGI;SG;36227
33930SGI;SG;33930
34479SGI;SG;34479
33929SGI;SG;33929
37952SGI;SG;37952
41275SGI;SG;41275
41263SGI;SG;41263
41265SGI;SG;41265
41264SGI;SG;41264
36691SGI;SG;36691
36690SGI;SG;36690
41272SGI;SG;41272
36692SGI;SG;36692
37972SGI;SG;37972
41270SGI;SG;41270
37973SGI;SG;37973
36840SGI;SG;36840
33558SGI;SG;33558
36839SGI;SG;36839
33971SGI;SG;33971
32825SGI;SG;32825
33981SGI;SG;33981
33385SGI;SG;33385
41305SGI;SG;41305
41284SGI;SG;41284
41289SGI;SG;41289
41278SGI;SG;41278
41288SGI;SG;41288
41293SGI;SG;41293
36683SGI;SG;36683
41294SGI;SG;41294
41274SGI;SG;41274
39795SGI;SG;39795
37370SGI;SG;37370
39794SGI;SG;39794
37371SGI;SG;37371
40278SGI;SG;40278
40265SGI;SG;40265
40260SGI;SG;40260
40267SGI;SG;40267
40277SGI;SG;40277
40275SGI;SG;40275
40273SGI;SG;40273
36423SGI;SG;36423
39792SGI;SG;39792
34354SGI;SG;34354
41280SGI;SG;41280
34633SGI;SG;34633
34625SGI;SG;34625
41298SGI;SG;41298
34628SGI;SG;34628
41299SGI;SG;41299
33970SGI;SG;33970
41304SGI;SG;41304
27813SGI;SG;27813
34711SGI;SG;34711
27814SGI;SG;27814
33321SGI;SG;33321
20223SGI;SG;20223
38300SGI;SG;38300
33110SGI;SG;33110
39351SGI;SG;39351
34468SGI;SG;34468
32873SGI;SG;32873
38972SGI;SG;38972
39313SGI;SG;39313
34265SGI;SG;34265
39331SGI;SG;39331
32888SGI;SG;32888
33402SGI;SG;33402
36304SGI;SG;36304
38292SGI;SG;38292
32865SGI;SG;32865
36419SGI;SG;36419
39342SGI;SG;39342
36418SGI;SG;36418
39781SGI;SG;39781
34995SGI;SG;34995
39782SGI;SG;39782
35002SGI;SG;35002
37399SGI;SG;37399
37105SGI;SG;37105
37335SGI;SG;37335
37334SGI;SG;37334
37332SGI;SG;37332
37333SGI;SG;37333
37618SGI;SG;37618
32567SGI;SG;32567
34045SGI;SG;34045
34164SGI;SG;34164
30500SGI;SG;30500
32599SGI;SG;32599
40613SGI;SG;40613
32573SGI;SG;32573
33388SGI;SG;33388
37136SGI;SG;37136
40672SGI;SG;40672
37196SGI;SG;37196
34000SGI;SG;34000
37634SGI;SG;37634
37328SGI;SG;37328
36798SGI;SG;36798
30922SGI;SG;30922
34282SGI;SG;34282
30562SGI;SG;30562
37663SGI;SG;37663
37620SGI;SG;37620
36515SGI;SG;36515
40942SGI;SG;40942
33829SGI;SG;33829
39206SGI;SG;39206
39600SGI;SG;39600
37619SGI;SG;37619
37615SGI;SG;37615
39208SGI;SG;39208
33412SGI;SG;33412
34001SGI;SG;34001
39525SGI;SG;39525
33298SGI;SG;33298
34573SGI;SG;34573
37038SGI;SG;37038
40612SGI;SG;40612
30503SGI;SG;30503
30502SGI;SG;30502
32883SGI;SG;32883
32469SGI;SG;32469
30564SGI;SG;30564
30420SGI;SG;30420
30407SGI;SG;30407
30402SGI;SG;30402
40234SGI;SG;40234
40235SGI;SG;40235
36510SGI;SG;36510
33405SGI;SG;33405
10000VCT;VC;10000
10039VC;VC;10039
10148SGI;DC;10148
10149SGI;DC;10149
10177VCT;VC;10177
10180VCT;VC;10180
10182VCT;VC;10182
10183VCT;VC;10183
10184VCT;VC;10184
10185VCT;VC;10185
10190VCT;VC;10190
10192VCT;VC;10192
10197VCT;VC;10197
10198VCT;VC;10198
10231VCT;VC;10231
10237VCT;VC;10237
10240VCT;VC;10240
10269VCI;VC;10269
10284VCT;VC;10284
10324VCT;VC;10324
10325VCT;VC;10325
10344VCI;VC;10344
10637VCT;VC;10637
10868SGI;DC;10868
10869SGI;DC;10869
10870SGI;DC;10870
1088VCT;VC;1088
11283VCI;VC;11283
11284VCI;VC;11284
11290VCI;VC;11290
11297VCI;VC;11297
11299VCI;VC;11299
11334VCT;VC;11334
11382SGI;DC;11382
11398SGI;DC;11398
11588VCT;VC;11588
11747VCT;VC;11747
11750VCT;VC;11750
11829VCT;VC;11829
11968VCI;VC;11968
12222VCI;VC;12222
12349VCT;VC;12349
12364VCT;VC;12364
12365VCT;VC;12365
12416SGI;DC;12416
12461VCT;VC;12461
12463VCT;VC;12463
12486VCT;VC;12486
12531SGI;DC;12531
12532SGI;DC;12532
12572VCT;VC;12572
12792SGI;DC;12792
12832VCT;VC;12832
12834VCT;VC;12834
12906SGI;DC;12906
1293SGI;DC;1293
12963VCI;VC;12963
12966VCT;VC;12966
12973VCT;VC;12973
1298SGI;DC;1298
12993VCT;VC;12993
13001VCT;VC;13001
13032VCT;VC;13032
13033VCT;VC;13033
13034VCT;VC;13034
13035VCT;VC;13035
13036VCT;VC;13036
13037VCI;VC;13037
13042VCT;VC;13042
13210VCT;VC;13210
13211VCT;VC;13211
13212VCT;VC;13212
13213VCT;VC;13213
13214VCT;VC;13214
13269VCT;VC;13269
13339VCT;VC;13339
13342VCI;VC;13342
13351VCT;VC;13351
13352VCT;VC;13352
13353VCT;VC;13353
13354VCT;VC;13354
13364VCT;VC;13364
13365VCT;VC;13365
13368VCT;VC;13368
13371VCT;VC;13371
13406VCT;VC;13406
13411VCT;VC;13411
13412VCT;VC;13412
13420VCT;VC;13420
13438VCT;VC;13438
13488VCT;VC;13488
13489VCT;VC;13489
13490VCT;VC;13490
13491VCT;VC;13491
13493VCT;VC;13493
13494VCT;VC;13494
13495VCT;VC;13495
13496VCT;VC;13496
13497VCT;VC;13497
13599VCT;VC;13599
13668SG;SG;13668
13733VCI;VC;13733
13734VCI;VC;13734
13735VCI;VC;13735
13736VCI;VC;13736
13737VCI;VC;13737
13744VCI;VC;13744
13745VCI;VC;13745
13746VCI;VC;13746
13747VCI;VC;13747
13749VCI;VC;13749
13750VCI;VC;13750
13751VCI;VC;13751
13752VCI;VC;13752
13753VCI;VC;13753
13754VCI;VC;13754
13757VCI;VC;13757
13758VCI;VC;13758
13759VCI;VC;13759
13760VCI;VC;13760
13761VCI;VC;13761
13762VCI;VC;13762
13764VCI;VC;13764
13765VCI;VC;13765
13766VCI;VC;13766
13767VCI;VC;13767
13768VCI;VC;13768
13770VCI;VC;13770
13771VCI;VC;13771
13772VCI;VC;13772
13774VCI;VC;13774
13777VCI;VC;13777
13787VCI;VC;13787
13792VCI;VC;13792
13793VCI;VC;13793
13794VCI;VC;13794
13795VCI;VC;13795
13833SGI;DC;13833
13846VCI;VC;13846
13848VCI;VC;13848
13849VCI;VC;13849
13850VCI;VC;13850
13853VCI;VC;13853
13854VCI;VC;13854
13856VCI;VC;13856
13857VCI;VC;13857
13858VCI;VC;13858
13860VCI;VC;13860
13861VCI;VC;13861
13863VCI;VC;13863
13864VCI;VC;13864
13865VCI;VC;13865
13866VCI;VC;13866
13867VCI;VC;13867
13868VCI;VC;13868
13869VCI;VC;13869
13870VCI;VC;13870
13871VCI;VC;13871
13872VCI;VC;13872
13875VCI;VC;13875
14005VCI;VC;14005
14008VCI;VC;14008
14013VCI;VC;14013
14031VCI;VC;14031
14033VCI;VC;14033
14034VCI;VC;14034
14035VCI;VC;14035
14040VCI;VC;14040
14041VCI;VC;14041
14042SG;SG;14042
14042VCI;VC;14042
14044SG;SG;14044
14044VCI;VC;14044
14046VCI;VC;14046
14047VCI;VC;14047
14048VCI;VC;14048
14049VCI;VC;14049
14050VCI;VC;14050
14051VCI;VC;14051
14053VCI;VC;14053
14056VCI;VC;14056
14057VCI;VC;14057
14058VCI;VC;14058
14060VCI;VC;14060
14066VCI;VC;14066
14083VCI;VC;14083
14095SG;SG;14095
14140VCI;VC;14140
14153VCI;VC;14153
14155VCI;VC;14155
14157VCI;VC;14157
14158SG;SG;14158
14158VCI;VC;14158
14160VCI;VC;14160
14161VCI;VC;14161
14162VCI;VC;14162
14163SG;SG;14163
14164VCI;VC;14164
14165VCI;VC;14165
14168SG;SG;14168
14178SG;SG;14178
14182SG;SG;14182
14205SG;SG;14205
14218SG;SG;14218
14241SG;SG;14241
14287VCI;VC;14287
14288VCI;VC;14288
14289VCI;VC;14289
14292VCI;VC;14292
14293VCI;VC;14293
14295VCI;VC;14295
14296VCI;VC;14296
14297VCI;VC;14297
14298VCI;VC;14298
14299VCI;VC;14299
14300VCI;VC;14300
14319SG;SG;14319
14364VCI;VC;14364
14369SG;SG;14369
14371VCI;VC;14371
14388VCI;VC;14388
14427VC;VC;14427
14428VC;VC;14428
14429VC;VC;14429
14430VC;VC;14430
14431VC;VC;14431
14432VC;VC;14432
14433VC;VC;14433
14434VC;VC;14434
14435VC;VC;14435
14436VC;VC;14436
14437VC;VC;14437
14438VC;VC;14438
14439VC;VC;14439
14440VC;VC;14440
14441VC;VC;14441
14442VC;VC;14442
14443VC;VC;14443
14444VC;VC;14444
14445VC;VC;14445
14446VC;VC;14446
14447VC;VC;14447
14448VC;VC;14448
14449VC;VC;14449
14450VC;VC;14450
14451VC;VC;14451
14452VC;VC;14452
14454VC;VC;14454
14455VC;VC;14455
14456VC;VC;14456
14458VC;VC;14458
14459VC;VC;14459
14460VC;VC;14460
14461VC;VC;14461
14462VC;VC;14462
14463VC;VC;14463
14464VC;VC;14464
14465VC;VC;14465
14466VC;VC;14466
14467VC;VC;14467
14468VC;VC;14468
14469VC;VC;14469
14470VC;VC;14470
14471VC;VC;14471
14472VC;VC;14472
14473VC;VC;14473
14474VC;VC;14474
14475VC;VC;14475
14476VC;VC;14476
14477VC;VC;14477
14478VC;VC;14478
14480VC;VC;14480
14481VC;VC;14481
14482VC;VC;14482
14484VC;VC;14484
14485VC;VC;14485
14486VC;VC;14486
14487VCI;VC;14487
14488VCI;VC;14488
14505VCI;VC;14505
14526VCI;VC;14526
14527VCI;VC;14527
14528VCI;VC;14528
14529VCI;VC;14529
14530VCI;VC;14530
14531VCI;VC;14531
14542VCI;VC;14542
14564VCI;VC;14564
14565VCI;VC;14565
14566VCI;VC;14566
14568VCI;VC;14568
14569VCI;VC;14569
14570VCI;VC;14570
14571VCI;VC;14571
14572VCI;VC;14572
14573VCI;VC;14573
14575VCI;VC;14575
14577VCI;VC;14577
14578VCI;VC;14578
14583VCI;VC;14583
14584VCI;VC;14584
14585VCI;VC;14585
14587VCI;VC;14587
14589VCI;VC;14589
14656VCI;VC;14656
14689VCI;VC;14689
14690VCI;VC;14690
14691VCI;VC;14691
14692VCI;VC;14692
14701VCI;VC;14701
14716VC;VC;14716
14717VC;VC;14717
14718VC;VC;14718
14719VC;VC;14719
14720VC;VC;14720
14721VC;VC;14721
14722VC;VC;14722
14723VC;VC;14723
14724VC;VC;14724
14725VC;VC;14725
14726VC;VC;14726
14727VC;VC;14727
14729VCI;VC;14729
14731VCI;VC;14731
14734VCI;VC;14734
14735VCI;VC;14735
14742VCI;VC;14742
14752VCI;VC;14752
14755VCI;VC;14755
14756VCI;VC;14756
14762VCI;VC;14762
14763VCI;VC;14763
14765VCI;VC;14765
14768VCI;VC;14768
14770VCI;VC;14770
14772VCI;VC;14772
14775VCI;VC;14775
14780VCI;VC;14780
14784VCI;VC;14784
14787VCI;VC;14787
14789VCI;VC;14789
14794VCI;VC;14794
14796VCI;VC;14796
14801VCI;VC;14801
14802VCI;VC;14802
14803VCI;VC;14803
14806VCI;VC;14806
14807VCFBA;VC;14807
14807VCI;VC;14807
14814VCI;VC;14814
14860VCI;VC;14860
14861VCI;VC;14861
14862VCI;VC;14862
14864VCI;VC;14864
14866VCI;VC;14866
14873VCI;VC;14873
14876VCI;VC;14876
14877VCI;VC;14877
14878VCI;VC;14878
14879VCI;VC;14879
14899VCI;VC;14899
14900VCI;VC;14900
14902VCI;VC;14902
14909VCI;VC;14909
14916VCI;VC;14916
14917VCI;VC;14917
14919VCI;VC;14919
14922VCI;VC;14922
14923VCI;VC;14923
14925VCI;VC;14925
14929VCI;VC;14929
14936VCI;VC;14936
14943VCI;VC;14943
14958VCI;VC;14958
14960VCI;VC;14960
14964VCI;VC;14964
14974VCI;VC;14974
14975VCI;VC;14975
14976VCI;VC;14976
14977VCI;VC;14977
14978VCI;VC;14978
14979VCI;VC;14979
14980VCI;VC;14980
14981VCI;VC;14981
14982VCI;VC;14982
14983VCI;VC;14983
14984VCI;VC;14984
15011VCI;VC;15011
15036VCI;VC;15036
15038VCI;VC;15038
15115VCI;VC;15115
15117VCI;VC;15117
15118VCI;VC;15118
15125VCI;VC;15125
15126VCI;VC;15126
15128VCI;VC;15128
15160SG;SG;15160
15161VCI;VC;15161
15162VCI;VC;15162
15163VCI;VC;15163
15164VCI;VC;15164
15165VCI;VC;15165
15166VCI;VC;15166
15167VCI;VC;15167
15168VCI;VC;15168
15169VCI;VC;15169
15233VCI;VC;15233
15234VCI;VC;15234
15236VCI;VC;15236
15248SGI;DC;15248
15258SGI;DC;15258
15263VCI;VC;15263
15265VCI;VC;15265
15266VCI;VC;15266
15267VCI;VC;15267
15269VCI;VC;15269
15270VCI;VC;15270
15279VCI;VC;15279
15294VCI;VC;15294
15295VCI;VC;15295
15330VCI;VC;15330
15332VCI;VC;15332
15337VCI;VC;15337
15342VCI;VC;15342
15343VCI;VC;15343
15347VCI;VC;15347
15375VCI;VC;15375
15376VCI;VC;15376
15381VCI;VC;15381
15382VCI;VC;15382
15383VCI;VC;15383
15384VCI;VC;15384
15385VCI;VC;15385
15401VCI;VC;15401
15402VCI;VC;15402
15403VCI;VC;15403
15477VCI;VC;15477
15479VCI;VC;15479
155SGI;DC;155
15654VCI;VC;15654
15672VCI;VC;15672
15737VCI;VC;15737
15738VCI;VC;15738
15740VCI;VC;15740
15741VCI;VC;15741
15747VCI;VC;15747
15748VCI;VC;15748
15751VCI;VC;15751
15773VCI;VC;15773
15777VCI;VC;15777
15778VCI;VC;15778
15784VCI;VC;15784
15787VCI;VC;15787
15792VCI;VC;15792
15793VCI;VC;15793
15801VCI;VC;15801
15805VCI;VC;15805
15822VCI;VC;15822
15828SGI;DC;15828
15829SGI;DC;15829
15833VCI;VC;15833
15835VCI;VC;15835
15836VCI;VC;15836
15837VCI;VC;15837
15838VCIFBA;VC;15838
15839VCI;VC;15839
15840VCI;VC;15840
15841VCI;VC;15841
15843SGI;DC;15843
15843VCI;VC;15843
15845VCI;VC;15845
15846VCI;VC;15846
15847VCI;VC;15847
15848VCI;VC;15848
15849VCI;VC;15849
15851VCI;VC;15851
15854SGI;DC;15854
15855SGI;DC;15855
15855VCI;VC;15855
15858VCI;VC;15858
15859VCI;VC;15859
15862VCI;VC;15862
15863VCI;VC;15863
15864VCI;VC;15864
15867VCI;VC;15867
15868VCI;VC;15868
15871VCI;VC;15871
15872VCI;VC;15872
15875VCI;VC;15875
15877VCI;VC;15877
15878VCI;VC;15878
15879VCI;VC;15879
15889VCI;VC;15889
15894VCI;VC;15894
15895VCI;VC;15895
15902VCI;VC;15902
15912VCI;VC;15912
15970VCI;VC;15970
15974VCI;VC;15974
15982VCI;VC;15982
15983VCI;VC;15983
15989VCI;VC;15989
15993VCI;VC;15993
15994VCI;VC;15994
15995VCI;VC;15995
16048VCI;VC;16048
16053VCI;VC;16053
16057VCI;VC;16057
16063VCI;VC;16063
16066VCI;VC;16066
16067VCI;VC;16067
16068VCI;VC;16068
16078VCI;VC;16078
16079VCI;VC;16079
16082VCI;VC;16082
16084VCI;VC;16084
16124VCI;VC;16124
16125VCI;VC;16125
16126VCI;VC;16126
16127VCI;VC;16127
16134VCI;VC;16134
16138VCI;VC;16138
16149VCI;VC;16149
16150VCI;VC;16150
16156VCI;VC;16156
16158VCI;VC;16158
16159VCI;VC;16159
16160VCI;VC;16160
16161VCI;VC;16161
16162VCI;VC;16162
16163VCI;VC;16163
16164VCI;VC;16164
16166VCI;VC;16166
16167VCI;VC;16167
16168VCI;VC;16168
16172VCI;VC;16172
16173VCI;VC;16173
16176RGSG;SG;16176
16177VCI;VC;16177
16197VCI;VC;16197
16198VCI;VC;16198
16205VCI;VC;16205
16206VCI;VC;16206
16209VCI;VC;16209
16211VCI;VC;16211
16212VCI;VC;16212
16227VCI;VC;16227
16228VCI;VC;16228
16232VCI;VC;16232
16233VCI;VC;16233
16234VCI;VC;16234
16235VCI;VC;16235
16253VCI;VC;16253
16256VCI;VC;16256
16257VCI;VC;16257
16263VCI;VC;16263
16279VCI;VC;16279
16290VCI;VC;16290
16291VCI;VC;16291
16300VCI;VC;16300
16336VCI;VC;16336
16351VCI;VC;16351
16373VCI;VC;16373
16402VCI;VC;16402
16404VCI;VC;16404
16456VCIFBA;VC;16456
16459VCI;VC;16459
16460VCI;VC;16460
16462VCI;VC;16462
16463VCI;VC;16463
16469VCI;VC;16469
16499VCI;VC;16499
16502VCI;VC;16502
16506VCI;VC;16506
16542VCI;VC;16542
16544SGI;DC;16544
16545SGI;DC;16545
16548SGI;DC;16548
16549VCI;VC;16549
16572SGI;DC;16572
16589SGI;DC;16589
16618VCI;VC;16618
16731VCI;VC;16731
1673SGI;DC;1673
16759VCI;VC;16759
16761VCI;VC;16761
16762VCI;VC;16762
16763VCI;VC;16763
16764VCI;VC;16764
16774VCI;VC;16774
16780VCI;VC;16780
16782VCI;VC;16782
16788VCI;VC;16788
16790VCI;VC;16790
16811VCI;VC;16811
16822VCI;VC;16822
16824VCI;VC;16824
16825VCI;VC;16825
16826VCI;VC;16826
16827VCI;VC;16827
16829VCI;VC;16829
16830VCI;VC;16830
16831VCI;VC;16831
16838VCI;VC;16838
16844VCI;VC;16844
16860VCI;VC;16860
16864SGI;DC;16864
1686SGI;DC;1686
16911VCI;VC;16911
16913VCI;VC;16913
16916VCI;VC;16916
16919VCI;VC;16919
16920VCI;VC;16920
16921VCI;VC;16921
16922VCI;VC;16922
16926VCI;VC;16926
16930VCI;VC;16930
16932VCI;VC;16932
16933VCI;VC;16933
16987VCI;VC;16987
16988VCI;VC;16988
16989VCI;VC;16989
16990VCI;VC;16990
1703SGI;DC;1703
17115VCI;VC;17115
17210VCI;VC;17210
17211VCI;VC;17211
17212VCI;VC;17212
17213VCI;VC;17213
17214VCI;VC;17214
17215VCI;VC;17215
17217VCI;VC;17217
17218VCI;VC;17218
17224VCI;VC;17224
17243VCI;VC;17243
17252VCI;VC;17252
17253VCI;VC;17253
17254VCI;VC;17254
17256VCI;VC;17256
17260VCI;VC;17260
17262VCI;VC;17262
17263VCI;VC;17263
17265VCI;VC;17265
17266VCI;VC;17266
17267VCI;VC;17267
17268VCI;VC;17268
17270VCI;VC;17270
17271VCI;VC;17271
17272VCI;VC;17272
17273VCI;VC;17273
17274VCI;VC;17274
17275VCI;VC;17275
17276VCI;VC;17276
17277VCI;VC;17277
17278VCI;VC;17278
17279VCI;VC;17279
17280VCI;VC;17280
17282VCI;VC;17282
17283VCI;VC;17283
17284VCI;VC;17284
17285VCI;VC;17285
17286VCI;VC;17286
17288VCI;VC;17288
17290VCI;VC;17290
17298VCI;VC;17298
17302VCI;VC;17302
17305VCI;VC;17305
17312VCI;VC;17312
17313VCI;VC;17313
17314VCI;VC;17314
17315VCI;VC;17315
17316VCI;VC;17316
17317VCI;VC;17317
17319VCI;VC;17319
17360VCI;VC;17360
17361VCI;VC;17361
17362VCI;VC;17362
17363VCI;VC;17363
17364VCI;VC;17364
17365VCI;VC;17365
17366VCI;VC;17366
17379VCI;VC;17379
17380VCI;VC;17380
17382VCI;VC;17382
17384VCI;VC;17384
17385VCI;VC;17385
17386VCI;VC;17386
17387VCI;VC;17387
17388VCI;VC;17388
17389VCI;VC;17389
17391VCI;VC;17391
17392VCI;VC;17392
17393VCI;VC;17393
17394VCI;VC;17394
17395VCI;VC;17395
17396VCI;VC;17396
17397VCI;VC;17397
17398VCI;VC;17398
17399VCI;VC;17399
17411VCI;VC;17411
17497VCI;VC;17497
17500VCI;VC;17500
17503VCI;VC;17503
17504VCI;VC;17504
17505VCI;VC;17505
17508VCI;VC;17508
17511VCI;VC;17511
17512VCI;VC;17512
17513VCI;VC;17513
17514VCI;VC;17514
17515VCI;VC;17515
17516VCI;VC;17516
17517VCI;VC;17517
17518VCI;VC;17518
17519VCI;VC;17519
17520VCI;VC;17520
17521VCI;VC;17521
17525VCI;VC;17525
17526VCI;VC;17526
17527VCI;VC;17527
17602VCI;VC;17602
17612VCI;VC;17612
17634VCI;VC;17634
17642VCI;VC;17642
17649VCI;VC;17649
17650VCI;VC;17650
17651VCI;VC;17651
17653VCI;VC;17653
17654VCI;VC;17654
17655VCI;VC;17655
17656VCI;VC;17656
17657VCI;VC;17657
17658VCI;VC;17658
17659VCI;VC;17659
17660VCI;VC;17660
17661VCI;VC;17661
17663VCI;VC;17663
17665VCI;VC;17665
17668VCI;VC;17668
17669VCI;VC;17669
17673VCI;VC;17673
17676VCI;VC;17676
17686VCI;VC;17686
17687VCI;VC;17687
17688VCI;VC;17688
17697VCI;VC;17697
17703VCI;VC;17703
17709VCI;VC;17709
17715VCI;VC;17715
17720VCI;VC;17720
17723VCI;VC;17723
17726VCI;VC;17726
17730VCI;VC;17730
17731VCI;VC;17731
17732VCI;VC;17732
17733VCI;VC;17733
17734VCI;VC;17734
17737VCI;VC;17737
17738VCI;VC;17738
17739VCI;VC;17739
17740VCI;VC;17740
17741VCI;VC;17741
17743VCI;VC;17743
17745VCI;VC;17745
17746VCI;VC;17746
17747VCI;VC;17747
17766VCI;VC;17766
17777VCI;VC;17777
17780VCI;VC;17780
17781VCI;VC;17781
17794VCI;VC;17794
17796VCI;VC;17796
17797VCI;VC;17797
17809VCI;VC;17809
17811VCI;VC;17811
17812VCI;VC;17812
17813VCI;VC;17813
17815VCI;VC;17815
17816VCI;VC;17816
17817VCI;VC;17817
17819VCI;VC;17819
17821VCI;VC;17821
17840VCI;VC;17840
17848VCI;VC;17848
17850VCI;VC;17850
17851VCI;VC;17851
17852VCI;VC;17852
17853VCI;VC;17853
17855VCI;VC;17855
17856VCI;VC;17856
17859VCI;VC;17859
17860VCI;VC;17860
17862VCI;VC;17862
17868VCI;VC;17868
17871VCI;VC;17871
17873VCI;VC;17873
17875VCI;VC;17875
17877VCI;VC;17877
17878VCI;VC;17878
17879VCI;VC;17879
17880VCI;VC;17880
17885VCI;VC;17885
17886VCI;VC;17886
17887VCI;VC;17887
17891VCI;VC;17891
17903VCI;VC;17903
17904VCI;VC;17904
17905VCI;VC;17905
17906VCI;VC;17906
17907VCI;VC;17907
17909VCI;VC;17909
17912VCI;VC;17912
17969VCI;VC;17969
17982VCI;VC;17982
17997VCI;VC;17997
17998VCI;VC;17998
17999VCI;VC;17999
18000VCI;VC;18000
18011VCI;VC;18011
18014VCI;VC;18014
18016VCI;VC;18016
18017VCI;VC;18017
18018VCI;VC;18018
18019VCI;VC;18019
18020VCI;VC;18020
18021VCI;VC;18021
18022VCI;VC;18022
18026VCI;VC;18026
18206VCI;VC;18206
18219VCI;VC;18219
18220VCI;VC;18220
18221VCI;VC;18221
18222VCI;VC;18222
18223VCI;VC;18223
18224VCI;VC;18224
18225VCI;VC;18225
18226VCI;VC;18226
18227VCI;VC;18227
18228VCI;VC;18228
18229VCI;VC;18229
18230VCI;VC;18230
18231VCI;VC;18231
18232VCI;VC;18232
18233VCI;VC;18233
18234VCI;VC;18234
1827SGI;DC;1827
1831SGI;DC;1831
1886VCFBS;VC;1886
18973SG;SG;18973
18975SG;SG;18975
1898SGI;DC;1898
18992SG;SG;18992
1899SGI;DC;1899
1904SGI;DC;1904
19317SGI;DC;19317
19332SGI;DC;19332
19334SGI;DC;19334
19337SGI;DC;19337
1934GVC;VC;1934
19776SGI;DC;19776
1981VCRGFBA;VC;1981
20002MDRG;MD;20002
20006MDFBA;MD;20006
20606MDRG;MD;20606
20794SGI;DC;20794
2086VCI;VC;2086
2087VCI;VC;2087
20918SGI;DC;20918
21014MD;MD;21014
21052MD;MD;21052
21053MD;MD;21053
21080MD;MD;21080
21081MD;MD;21081
212572CLM;DC;212572
212573CLM;DC;212573
2139501CLM;DC;2139501
2139504CLM;DC;2139504
21821033CLM;DC;21821033
21821135CLM;DC;21821135
21821136CLM;DC;21821136
21821157CLM;DC;21821157
21821161CLM;DC;21821161
21821162CLM;DC;21821162
21821164CLM;DC;21821164
21821166CLM;DC;21821166
21821168CLM;DC;21821168
21821171CLM;DC;21821171
21821172CLM;DC;21821172
21821173CLM;DC;21821173
21821176CLM;DC;21821176
21821178CLM;DC;21821178
21821179CLM;DC;21821179
21821184CLM;DC;21821184
21821185CLM;DC;21821185
21821186CLM;DC;21821186
21821189CLM;DC;21821189
21821191CLM;DC;21821191
21821192CLM;DC;21821192
21821193CLM;DC;21821193
21821194CLM;DC;21821194
21821195CLM;DC;21821195
21821197CLM;DC;21821197
21821198CLM;DC;21821198
21821199CLM;DC;21821199
21821200CLM;DC;21821200
21821201CLM;DC;21821201
21821203CLM;DC;21821203
21821208CLM;DC;21821208
21821213CLM;DC;21821213
2185463CLM;DC;2185463
2185746CLM;DC;2185746
2185750CLM;DC;2185750
2185753CLM;DC;2185753
2185754CLM;DC;2185754
2185780CLM;DC;2185780
2185783CLM;DC;2185783
2185784CLM;DC;2185784
2185788CLM;DC;2185788
2185794CLM;DC;2185794
2185795CLM;DC;2185795
2185796CLM;DC;2185796
2185797CLM;DC;2185797
2185798CLM;DC;2185798
2185799CLM;DC;2185799
2185800CLM;DC;2185800
2185803CLM;DC;2185803
2185804CLM;DC;2185804
2185805CLM;DC;2185805
2185806CLM;DC;2185806
2185807CLM;DC;2185807
2185808CLM;DC;2185808
2185809CLM;DC;2185809
2185810CLM;DC;2185810
2185811CLM;DC;2185811
2185812CLM;DC;2185812
2185813CLM;DC;2185813
2185814CLM;DC;2185814
2185815CLM;DC;2185815
2185816CLM;DC;2185816
2185817CLM;DC;2185817
2185819CLM;DC;2185819
2185822CLM;DC;2185822
2185823CLM;DC;2185823
2185825CLM;DC;2185825
2185826CLM;DC;2185826
2185827CLM;DC;2185827
2185828CLM;DC;2185828
2185829CLM;DC;2185829
2185830CLM;DC;2185830
2185832CLM;DC;2185832
2185833CLM;DC;2185833
2185834CLM;DC;2185834
2185835CLM;DC;2185835
2185836CLM;DC;2185836
2185837CLM;DC;2185837
2185838CLM;DC;2185838
2185840CLM;DC;2185840
2185841CLM;DC;2185841
2185842CLM;DC;2185842
2185843CLM;DC;2185843
2185847CLM;DC;2185847
2185848CLM;DC;2185848
2185849CLM;DC;2185849
2185850CLM;DC;2185850
2185851CLM;DC;2185851
2185852CLM;DC;2185852
2185853CLM;DC;2185853
2185854CLM;DC;2185854
2185857CLM;DC;2185857
2185859CLM;DC;2185859
2185860CLM;DC;2185860
2185862CLM;DC;2185862
2185863CLM;DC;2185863
2185864CLM;DC;2185864
2185867CLM;DC;2185867
2185869CLM;DC;2185869
2185872CLM;DC;2185872
2185874CLM;DC;2185874
2185877CLM;DC;2185877
2185878CLM;DC;2185878
2185881CLM;DC;2185881
2185882CLM;DC;2185882
2185883CLM;DC;2185883
2185884CLM;DC;2185884
2185885CLM;DC;2185885
2185886CLM;DC;2185886
2185887CLM;DC;2185887
2185888CLM;DC;2185888
2185889CLM;DC;2185889
2185890CLM;DC;2185890
2185891CLM;DC;2185891
22044SG;SG;22044
22092SGFBA;SG;22092
22125SGI;DC;22125
22165SG;SG;22165
22169SG;SG;22169
22170SG;SG;22170
22172SG;SG;22172
22204SGI;DC;22204
22212796CLM;DC;22212796
22212798CLM;DC;22212798
22212799CLM;DC;22212799
22212800CLM;DC;22212800
22212802CLM;DC;22212802
22212805CLM;DC;22212805
22212806CLM;DC;22212806
22212807CLM;DC;22212807
22212809CLM;DC;22212809
22212810CLM;DC;22212810
22212811CLM;DC;22212811
22212812CLM;DC;22212812
22212813CLM;DC;22212813
22212889CLM;DC;22212889
22212891CLM;DC;22212891
22212986CLM;DC;22212986
22212987CLM;DC;22212987
22212991CLM;DC;22212991
22213000CLM;DC;22213000
22213001CLM;DC;22213001
22213003CLM;DC;22213003
22213004CLM;DC;22213004
22213005CLM;DC;22213005
22213008CLM;DC;22213008
22213009CLM;DC;22213009
22213010CLM;DC;22213010
22213011CLM;DC;22213011
22213012CLM;DC;22213012
22213015CLM;DC;22213015
22213028CLM;DC;22213028
22213029CLM;DC;22213029
22213030CLM;DC;22213030
22213031CLM;DC;22213031
22213052CLM;DC;22213052
22213053CLM;DC;22213053
2225VCT;VC;2225
22279SGI;DC;22279
22285SGI;DC;22285
22435SG;SG;22435
22532SG;SG;22532
22595SG;SG;22595
22619SGI;DC;22619
22620SGI;DC;22620
22723SG;SG;22723
22730SG;SG;22730
22734SG;SG;22734
22735SG;SG;22735
22741SG;SG;22741
22810SG;SG;22810
22813SG;SG;22813
22819SG;SG;22819
2293544CLM;DC;2293544
2293545CLM;DC;2293545
2293754CLM;DC;2293754
2293813CLM;DC;2293813
2293827CLM;DC;2293827
2293830CLM;DC;2293830
2293833CLM;DC;2293833
2293838CLM;DC;2293838
2293839CLM;DC;2293839
2293840CLM;DC;2293840
2293841CLM;DC;2293841
23481581CLM;DC;23481581
23481648CLM;DC;23481648
23481650CLM;DC;23481650
23481652CLM;DC;23481652
23481653CLM;DC;23481653
23481654CLM;DC;23481654
23481658CLM;DC;23481658
23481659CLM;DC;23481659
23481660CLM;DC;23481660
23481661CLM;DC;23481661
23481663CLM;DC;23481663
23481664CLM;DC;23481664
23481666CLM;DC;23481666
23481667CLM;DC;23481667
23481668CLM;DC;23481668
23481672CLM;DC;23481672
23481673CLM;DC;23481673
23481675CLM;DC;23481675
23481678CLM;DC;23481678
23481680CLM;DC;23481680
23481682CLM;DC;23481682
23481688CLM;DC;23481688
23481700CLM;DC;23481700
23481702CLM;DC;23481702
23481703CLM;DC;23481703
23481704CLM;DC;23481704
23481706CLM;DC;23481706
23481709CLM;DC;23481709
23481710CLM;DC;23481710
23730SGI;DC;23730
23731SGI;DC;23731
23739SGI;DC;23739
23774SG;SG;23774
24299SGI;DC;24299
24300SG;SG;24300
2430135CLM;DC;2430135
2430224CLM;DC;2430224
2430225CLM;DC;2430225
2430226CLM;DC;2430226
2430234CLM;DC;2430234
2430235CLM;DC;2430235
24313SG;SG;24313
24323SG;SG;24323
24324SG;SG;24324
24393SG;SG;24393
24433SG;SG;24433
24469SG;SG;24469
24475SG;SG;24475
24480SG;SG;24480
24625SGI;DC;24625
2471105CLM;DC;2471105
2471106CLM;DC;2471106
2471110CLM;DC;2471110
2471114CLM;DC;2471114
2471115CLM;DC;2471115
2471116CLM;DC;2471116
2471118CLM;DC;2471118
247176CLM;DC;247176
247179CLM;DC;247179
247180CLM;DC;247180
247181CLM;DC;247181
247185CLM;DC;247185
247186CLM;DC;247186
247188CLM;DC;247188
247189CLM;DC;247189
247190CLM;DC;247190
247192CLM;DC;247192
247193CLM;DC;247193
247195CLM;DC;247195
247196CLM;DC;247196
24771SG;SG;24771
24772SG;SG;24772
247731CLM;DC;247731
247732CLM;DC;247732
247733CLM;DC;247733
247734CLM;DC;247734
247735CLM;DC;247735
24808RGSG;SG;24808
24815SGFBA;SG;24815
24859SG;SG;24859
24860SG;SG;24860
24861SG;SG;24861
24973SG;SG;24973
25175RGSG;SG;25175
25178RGSG;SG;25178
25179RGSG;SG;25179
25181RGSG;SG;25181
25183RGSG;SG;25183
25185RGSG;SG;25185
25188RGSG;SG;25188
25189RGSG;SG;25189
25191RGSG;SG;25191
25192RGSG;SG;25192
25199SGI;DC;25199
25202RGSG;SG;25202
25203SGI;DC;25203
25204RGSG;SG;25204
25208SG;SG;25208
25212SG;SG;25212
25219SG;SG;25219
25225SG;SG;25225
2526103CLM;DC;2526103
2526104CLM;DC;2526104
2526105CLM;DC;2526105
2526106CLM;DC;2526106
2526107CLM;DC;2526107
2526108CLM;DC;2526108
2526110CLM;DC;2526110
2526111CLM;DC;2526111
2526112CLM;DC;2526112
2526113CLM;DC;2526113
25319SGI;DC;25319
2540411CLM;DC;2540411
2540415CLM;DC;2540415
2540418CLM;DC;2540418
2540422CLM;DC;2540422
2540423CLM;DC;2540423
2540430CLM;DC;2540430
2540445CLM;DC;2540445
2540446CLM;DC;2540446
2540447CLM;DC;2540447
2540449CLM;DC;2540449
2540450CLM;DC;2540450
2540451CLM;DC;2540451
2540452CLM;DC;2540452
2540453CLM;DC;2540453
2540454CLM;DC;2540454
2540456CLM;DC;2540456
2540458CLM;DC;2540458
2546200CLM;DC;2546200
2546211CLM;DC;2546211
2546230CLM;DC;2546230
2574117CLM;DC;2574117
257434CLM;DC;257434
257467CLM;DC;257467
257468CLM;DC;257468
257470CLM;DC;257470
257477CLM;DC;257477
257478CLM;DC;257478
2577VCT;VC;2577
25966RGSG;SG;25966
2597496CLM;DC;2597496
2597497CLM;DC;2597497
2597574CLM;DC;2597574
2597625CLM;DC;2597625
2597626CLM;DC;2597626
2597629CLM;DC;2597629
2597630CLM;DC;2597630
2597635CLM;DC;2597635
2597636CLM;DC;2597636
2597637CLM;DC;2597637
2597638CLM;DC;2597638
2597639CLM;DC;2597639
2597640CLM;DC;2597640
2597641CLM;DC;2597641
2597642CLM;DC;2597642
2597643CLM;DC;2597643
2597645CLM;DC;2597645
2597646CLM;DC;2597646
2597647CLM;DC;2597647
2597648CLM;DC;2597648
2597649CLM;DC;2597649
2597650CLM;DC;2597650
2597651CLM;DC;2597651
2597652CLM;DC;2597652
2597653CLM;DC;2597653
2597654CLM;DC;2597654
2597655CLM;DC;2597655
2597686CLM;DC;2597686
2597689CLM;DC;2597689
2597693CLM;DC;2597693
2597694CLM;DC;2597694
2597696CLM;DC;2597696
2597697CLM;DC;2597697
26172SGI;DC;26172
26328RGSG;SG;26328
26473RGSG;SG;26473
2647VCT;VC;2647
26480RGSG;SG;26480
26483RGSG;SG;26483
26485RGSG;SG;26485
26489RGSG;SG;26489
26492RGSG;SG;26492
26493RGSG;SG;26493
26498RGSG;SG;26498
2650VCT;VC;2650
26584RGSG;SG;26584
26585RGSG;SG;26585
2658VCT;VC;2658
26590RGSG;SG;26590
26631059CLM;DC;26631059
26631064CLM;DC;26631064
26631226CLM;DC;26631226
26631235CLM;DC;26631235
26631236CLM;DC;26631236
26631240CLM;DC;26631240
26631241CLM;DC;26631241
26631243CLM;DC;26631243
26631244CLM;DC;26631244
26631245CLM;DC;26631245
26709RGSG;SG;26709
26710RGSG;SG;26710
26712RGSG;SG;26712
26714RGSG;SG;26714
26715RGSG;SG;26715
26731RGSG;SG;26731
26732RGSG;SG;26732
26742RGSG;SG;26742
26744RGSG;SG;26744
2676119CLM;DC;2676119
26761212CLMFBA;DC;26761212
2676122CLM;DC;2676122
2676123CLMFBA;DC;2676123
2676126CLM;DC;2676126
2676127CLM;DC;2676127
2676128CLM;DC;2676128
2676129CLM;DC;2676129
2676130CLM;DC;2676130
2676131CLM;DC;2676131
2676132CLM;DC;2676132
2676135CLM;DC;2676135
2676136CLM;DC;2676136
2676137CLM;DC;2676137
2676138CLM;DC;2676138
2676139CLM;DC;2676139
2676146CLM;DC;2676146
2676151CLM;DC;2676151
2676152CLM;DC;2676152
2676154CLM;DC;2676154
2676155CLM;DC;2676155
2676156CLM;DC;2676156
2676160CLM;DC;2676160
2676161CLM;DC;2676161
2676166CLM;DC;2676166
2676167CLM;DC;2676167
2676168CLM;DC;2676168
2676169CLM;DC;2676169
2676170CLM;DC;2676170
2676172CLM;DC;2676172
2676173CLM;DC;2676173
2676174CLM;DC;2676174
2676175CLM;DC;2676175
2676176CLM;DC;2676176
2676177CLM;DC;2676177
2676178CLM;DC;2676178
2676183CLM;DC;2676183
2676184CLM;DC;2676184
2676185CLM;DC;2676185
2676186CLM;DC;2676186
2676187CLM;DC;2676187
2676188CLM;DC;2676188
2676189CLM;DC;2676189
2676191CLM;DC;2676191
2676192CLM;DC;2676192
2676198CLM;DC;2676198
2676199CLM;DC;2676199
2676200CLM;DC;2676200
2676201CLM;DC;2676201
2676202CLM;DC;2676202
2676203CLM;DC;2676203
2676204CLM;DC;2676204
2676207CLM;DC;2676207
2676208CLM;DC;2676208
2676209CLM;DC;2676209
2676212CLM;DC;2676212
2676213CLM;DC;2676213
2676214CLM;DC;2676214
2676216CLM;DC;2676216
2676221CLM;DC;2676221
2676222CLM;DC;2676222
2676226CLM;DC;2676226
2676227CLM;DC;2676227
2676228CLM;DC;2676228
2676230CLM;DC;2676230
2676234CLM;DC;2676234
2676235CLM;DC;2676235
2676236CLM;DC;2676236
2676237CLM;DC;2676237
2676238CLM;DC;2676238
2676240CLM;DC;2676240
2676241CLM;DC;2676241
2676244CLM;DC;2676244
2676247CLM;DC;2676247
2676249CLM;DC;2676249
2676252CLM;DC;2676252
2676253CLM;DC;2676253
2676255CLM;DC;2676255
2676261CLM;DC;2676261
2676262CLM;DC;2676262
2676263CLM;DC;2676263
2676264CLM;DC;2676264
2676265CLM;DC;2676265
2676266CLM;DC;2676266
2676267CLM;DC;2676267
2676268CLM;DC;2676268
2676269CLM;DC;2676269
2676270CLM;DC;2676270
2676271CLM;DC;2676271
2676272CLM;DC;2676272
2676273CLM;DC;2676273
2676274CLM;DC;2676274
2676275CLM;DC;2676275
2676276CLM;DC;2676276
2676281CLM;DC;2676281
2676282CLM;DC;2676282
2676283CLM;DC;2676283
2676284CLM;DC;2676284
2676285CLM;DC;2676285
2676286CLM;DC;2676286
2676287CLM;DC;2676287
2676289CLM;DC;2676289
2676293CLM;DC;2676293
267668CLM;DC;267668
267669CLM;DC;267669
2684309CLM;DC;2684309
2684310CLM;DC;2684310
2684314CLM;DC;2684314
2684315CLM;DC;2684315
2684319CLM;DC;2684319
2684320CLM;DC;2684320
2684324CLM;DC;2684324
2684325CLM;DC;2684325
2684326CLM;DC;2684326
2684327CLM;DC;2684327
2684328CLM;DC;2684328
2684337CLM;DC;2684337
2684338CLM;DC;2684338
2684339CLM;DC;2684339
26859RGSG;SG;26859
26860RGSG;SG;26860
26862RGSG;SG;26862
26863RGSG;SG;26863
26868RGSG;SG;26868
26872RGSG;SG;26872
26873RGSG;SG;26873
2689138CLM;DC;2689138
26913RGSG;SG;26913
26914RGSG;SG;26914
26915RGSG;SG;26915
26916RGSG;SG;26916
26918RGSG;SG;26918
2692146CLM;DC;2692146
2692147CLM;DC;2692147
2692151CLM;DC;2692151
26933RGSG;SG;26933
26934RGSG;SG;26934
26936SGI;DC;26936
26938RGSG;SG;26938
26952RGSG;SG;26952
26953RGSG;SG;26953
26963RGSG;SG;26963
26968RGSG;SG;26968
26969RGSG;SG;26969
26972RGSG;SG;26972
26973RGSG;SG;26973
26979RGSG;SG;26979
26982RGSG;SG;26982
26985RGSG;SG;26985
26988RGSG;SG;26988
26989RGSG;SG;26989
26990RGSG;SG;26990
26993RGSG;SG;26993
26994RGSG;SG;26994
26998RGSG;SG;26998
27000RGSG;SG;27000
27005RGSG;SG;27005
27006SGI;DC;27006
27008RGSG;SG;27008
27010RGSG;SG;27010
27012RGSG;SG;27012
2705109CLM;DC;2705109
2705111CLM;DC;2705111
2705113CLM;DC;2705113
2705114CLM;DC;2705114
2705115CLM;DC;2705115
2705116CLM;DC;2705116
2705117CLM;DC;2705117
2705118CLM;DC;2705118
2705119CLM;DC;2705119
2705121CLM;DC;2705121
2705122CLM;DC;2705122
2705123CLM;DC;2705123
2705124CLM;DC;2705124
2705127CLM;DC;2705127
2705129CLM;DC;2705129
2705130CLM;DC;2705130
2705131CLM;DC;2705131
2705132CLM;DC;2705132
2705133CLM;DC;2705133
2705134CLM;DC;2705134
2705135CLM;DC;2705135
2705136CLM;DC;2705136
2705137CLM;DC;2705137
2705138CLM;DC;2705138
2705139CLM;DC;2705139
2705140CLM;DC;2705140
27088RGSG;SG;27088
27091RGSG;SG;27091
27092RGSG;SG;27092
27103RGSG;SG;27103
27133RGSG;SG;27133
2714304CLM;DC;2714304
2714305CLM;DC;2714305
2714308CLM;DC;2714308
2714309CLM;DC;2714309
2714313CLM;DC;2714313
2714314CLM;DC;2714314
2714315CLM;DC;2714315
2714316CLM;DC;2714316
2714322CLM;DC;2714322
2714329CLM;DC;2714329
2714330CLM;DC;2714330
2714353CLM;DC;2714353
2714359CLM;DC;2714359
2714371CLM;DC;2714371
2714372CLM;DC;2714372
2714378CLM;DC;2714378
2714379CLM;DC;2714379
2714380CLM;DC;2714380
2714381CLM;DC;2714381
2714385CLM;DC;2714385
2714410CLM;DC;2714410
2714413CLM;DC;2714413
2714414CLM;DC;2714414
2714415CLM;DC;2714415
2714441CLM;DC;2714441
2714444CLM;DC;2714444
2714479CLM;DC;2714479
2714481CLM;DC;2714481
27148RGSG;SG;27148
27152RGSG;SG;27152
27154RGSG;SG;27154
27159RGSG;SG;27159
27160RGSG;SG;27160
271683CLM;DC;271683
27168RGSG;SG;27168
27180RGSG;SG;27180
27183RGSG;SG;27183
27188RGSG;SG;27188
27190RGSG;SG;27190
27193RGSG;SG;27193
27204RGSG;SG;27204
27205RGSG;SG;27205
2726375CLM;DC;2726375
2726376CLM;DC;2726376
2726377CLM;DC;2726377
2726378CLM;DC;2726378
2726405CLM;DC;2726405
2726406CLM;DC;2726406
2726407CLM;DC;2726407
2726408CLM;DC;2726408
2726410CLM;DC;2726410
2726411CLM;DC;2726411
2726412CLM;DC;2726412
2726413CLM;DC;2726413
2726415CLM;DC;2726415
2726416CLM;DC;2726416
2726417CLM;DC;2726417
27270RGSG;SG;27270
272714DC;DC;272714
27289SGI;DC;27289
27324RGSG;SG;27324
27340RGSG;SG;27340
27345RGSG;SG;27345
27348RGSG;SG;27348
27349RGSG;SG;27349
27350RGSG;SG;27350
27352RGSG;SG;27352
27360RGSG;SG;27360
27362RGSG;SG;27362
27363RGSG;SG;27363
27364RGSG;SG;27364
27365RGSG;SG;27365
27368RGSG;SG;27368
27369RGSG;SG;27369
27370RGSG;SG;27370
27372RGSG;SG;27372
27373RGSG;SG;27373
27374RGSG;SG;27374
27375RGSG;SG;27375
27378RGSG;SG;27378
27383RGSG;SG;27383
27404RGSG;SG;27404
27405RGSG;SG;27405
27409RGSG;SG;27409
27415RGSG;SG;27415
27418RGSG;SG;27418
27420RGSG;SG;27420
27421RGSG;SG;27421
27434RGSG;SG;27434
27442RGSG;SG;27442
27473RGSG;SG;27473
27474RGSG;SG;27474
27499RGSG;SG;27499
27503RGSG;SG;27503
27504RGSG;SG;27504
27530RGSG;SG;27530
27532RGSG;SG;27532
27560RGSG;SG;27560
27570RGSG;SG;27570
27571RGSG;SG;27571
27573RGSG;SG;27573
27579SGI;DC;27579
27582RGSG;SG;27582
27583SG;SG;27583
2758470CLM;DC;2758470
2758486CLM;DC;2758486
2758498CLM;DC;2758498
27584RGSG;SG;27584
2758511CLM;DC;2758511
2758512CLM;DC;2758512
2758514CLM;DC;2758514
2758586CLM;DC;2758586
2758588CLM;DC;2758588
2758589CLM;DC;2758589
2758590CLM;DC;2758590
2758591CLM;DC;2758591
2758593CLM;DC;2758593
2758594CLM;DC;2758594
2758612CLM;DC;2758612
2758613CLM;DC;2758613
2758614CLM;DC;2758614
2758615CLM;DC;2758615
2758616CLM;DC;2758616
2758617CLM;DC;2758617
2758618CLM;DC;2758618
2758619CLM;DC;2758619
2758620CLM;DC;2758620
2758621CLM;DC;2758621
2758622CLM;DC;2758622
2758623CLM;DC;2758623
2758624CLM;DC;2758624
2758625CLM;DC;2758625
2758628CLM;DC;2758628
2758629CLM;DC;2758629
2758630CLM;DC;2758630
2758631CLM;DC;2758631
2758632CLM;DC;2758632
2758634CLM;DC;2758634
2758635CLM;DC;2758635
2758636CLM;DC;2758636
2758637CLM;DC;2758637
2758638CLM;DC;2758638
2758639CLM;DC;2758639
2758641CLM;DC;2758641
2758643CLM;DC;2758643
2758646CLM;DC;2758646
2758650CLM;DC;2758650
2758651CLM;DC;2758651
2758652CLM;DC;2758652
27588RGSG;SG;27588
2759335CLM;DC;2759335
2759336CLM;DC;2759336
2759338CLM;DC;2759338
2759339CLM;DC;2759339
2759340CLM;DC;2759340
27593RGSG;SG;27593
27600RGSG;SG;27600
27605RGSG;SG;27605
27612RGSG;SG;27612
27628RGSG;SG;27628
27649RGSG;SG;27649
27654RGSG;SG;27654
27698RGSG;SG;27698
27749RGSG;SG;27749
27750RGSG;SG;27750
27752RGSG;SG;27752
27753RGSG;SG;27753
27754SGI;DC;27754
27761013CLM;DC;27761013
27761014CLM;DC;27761014
27761015CLM;DC;27761015
27761017CLM;DC;27761017
27761018CLM;DC;27761018
27761019CLM;DC;27761019
27761020CLM;DC;27761020
27761021CLM;DC;27761021
27761022CLM;DC;27761022
27761023CLM;DC;27761023
27761024CLM;DC;27761024
27761025CLM;DC;27761025
27761026CLM;DC;27761026
27761027CLM;DC;27761027
27761028CLM;DC;27761028
27761035CLM;DC;27761035
27761043CLM;DC;27761043
27761044CLM;DC;27761044
27761067CLM;DC;27761067
27761068CLM;DC;27761068
27761078CLMFBA;DC;27761078
27761079CLM;DC;27761079
27761080CLM;DC;27761080
27761081CLM;DC;27761081
27761088CLM;DC;27761088
27761105CLM;DC;27761105
27761106CLM;DC;27761106
27761108CLM;DC;27761108
27761109CLM;DC;27761109
27761110CLM;DC;27761110
27761113CLM;DC;27761113
27761114CLM;DC;27761114
27761115CLM;DC;27761115
27761116CLM;DC;27761116
27761117CLM;DC;27761117
27761118CLM;DC;27761118
27761119CLM;DC;27761119
27761124CLM;DC;27761124
27761125CLM;DC;27761125
27761126CLM;DC;27761126
27761127CLM;DC;27761127
27761134CLM;DC;27761134
27762SGI;DC;27762
27764SGI;DC;27764
2776780CLM;DC;2776780
2776781CLM;DC;2776781
2776782CLM;DC;2776782
2776792CLM;DC;2776792
2776793CLM;DC;2776793
2776819CLM;DC;2776819
2776908CLM;DC;2776908
2776909CLM;DC;2776909
27782RGSG;SG;27782
27799RGSG;SG;27799
27812SGI;DC;27812
27872SG;SG;27872
27874SGI;DC;27874
27878SG;SG;27878
28034SGI;DC;28034
28039RGSG;SG;28039
28042RGSG;SG;28042
28050SGI;DC;28050
28082SGI;DC;28082
280SGI;DC;280
28125RGSG;SG;28125
2827224CLM;DC;2827224
2827392CLM;DC;2827392
2827393CLM;DC;2827393
2827495CLM;DC;2827495
2827509CLM;DC;2827509
2827510CLM;DC;2827510
2827527CLM;DC;2827527
2827537CLM;DC;2827537
2827538CLM;DC;2827538
2827539CLM;DC;2827539
2827540CLM;DC;2827540
2827543CLM;DC;2827543
2827547CLM;DC;2827547
2827553CLM;DC;2827553
2827554CLM;DC;2827554
2827555CLM;DC;2827555
2827556CLM;DC;2827556
2827557CLM;DC;2827557
2827558CLM;DC;2827558
2827560CLM;DC;2827560
2827567CLM;DC;2827567
2827569CLM;DC;2827569
2827571CLM;DC;2827571
2827577CLM;DC;2827577
2827578CLM;DC;2827578
2827625DCI;DC;2827625
2827627DCI;DC;2827627
2827628DCI;DC;2827628
2827629DCI;DC;2827629
2827630DCI;DC;2827630
2827633DCI;DC;2827633
2827639DCI;DC;2827639
2827643DCI;DC;2827643
283244DCI;DC;283244
283245DCI;DC;283245
283246DCI;DC;283246
283247DCI;DC;283247
283248DCI;DC;283248
283249DCI;DC;283249
283250DCI;DC;283250
283251DCI;DC;283251
283252DCI;DC;283252
283253DCI;DC;283253
283254DCI;DC;283254
283256DCI;DC;283256
283257DCI;DC;283257
283262DCI;DC;283262
283265DCI;DC;283265
283266DCI;DC;283266
2836543CLM;DC;2836543
2836592CLM;DC;2836592
2836635CLM;DC;2836635
2836640CLM;DC;2836640
2836641CLM;DC;2836641
2836643CLM;DC;2836643
2836645CLM;DC;2836645
2836647CLM;DC;2836647
2836648CLM;DC;2836648
2836692DCI;DC;2836692
2836693DCI;DC;2836693
2836694DCI;DC;2836694
2836695DCI;DC;2836695
2836701DCI;DC;2836701
2836707DCI;DC;2836707
2836708DCI;DC;2836708
2836709DCI;DC;2836709
2836710DCI;DC;2836710
28390SGI;DC;28390
2841107CLM;DC;2841107
2841115CLM;DC;2841115
2841119CLM;DC;2841119
2841123CLM;DC;2841123
2841131DCI;DC;2841131
2841133DCI;DC;2841133
2841134DCI;DC;2841134
2841135DCI;DC;2841135
2841136DCI;DC;2841136
2841139DCI;DC;2841139
2841140DCI;DC;2841140
2841141DCI;DC;2841141
2841142DCI;DC;2841142
2841143DCI;DC;2841143
2841144DCI;DC;2841144
2841145DCI;DC;2841145
2841146DCI;DC;2841146
2841147DCI;DC;2841147
2841148DCI;DC;2841148
2841149DCI;DC;2841149
2841155DCI;DC;2841155
2841156DCI;DC;2841156
2841157DCI;DC;2841157
2841158DCI;DC;2841158
2841159DCI;DC;2841159
2841160DCI;DC;2841160
2841161DCI;DC;2841161
2841162DCI;DC;2841162
2841163DCI;DC;2841163
2841164DCI;DC;2841164
2841165DCI;DC;2841165
2841167DCI;DC;2841167
2841168DCI;DC;2841168
2841169DCI;DC;2841169
2841170DCI;DC;2841170
2841171DCI;DC;2841171
2841172DCI;DC;2841172
2841173DCI;DC;2841173
2841174DCI;DC;2841174
2841175DCI;DC;2841175
2841176DCI;DC;2841176
2841177DCI;DC;2841177
2841178DCI;DC;2841178
2841180DCI;DC;2841180
2841181DCI;DC;2841181
2841182DCI;DC;2841182
2841183DCI;DC;2841183
2841184DCI;DC;2841184
2841185DCI;DC;2841185
2841186DCI;DC;2841186
2841187DCI;DC;2841187
2841188DCI;DC;2841188
2841189DCI;DC;2841189
2841190DCI;DC;2841190
2841191DCI;DC;2841191
2841192DCI;DC;2841192
2841193DCI;DC;2841193
2841194DCI;DC;2841194
284304CLM;DC;284304
284523CLM;DC;284523
28452SGI;DC;28452
28459SGI;DC;28459
2847405CLM;DC;2847405
2847437CLM;DC;2847437
2847440CLM;DC;2847440
2847441CLM;DC;2847441
2847613CLM;DC;2847613
2847641CLM;DC;2847641
2847642CLM;DC;2847642
2847646CLM;DC;2847646
2847647CLM;DC;2847647
2847648CLM;DC;2847648
2847675CLM;DC;2847675
2847680CLM;DC;2847680
2847681CLM;DC;2847681
2847682CLM;DC;2847682
2847710CLM;DC;2847710
2847716DCI;DC;2847716
2847721CLM;DC;2847721
2847723CLM;DC;2847723
2847732CLM;DC;2847732
2847737CLM;DC;2847737
2847739CLM;DC;2847739
2847744CLM;DC;2847744
2847748CLM;DC;2847748
2847750CLM;DC;2847750
2847751CLM;DC;2847751
2847754CLM;DC;2847754
2847756CLM;DC;2847756
2847763CLM;DC;2847763
2847766CLM;DC;2847766
2847767CLM;DC;2847767
2847769DCI;DC;2847769
2847771DCI;DC;2847771
2847780CLM;DC;2847780
2847785CLM;DC;2847785
2847799DCI;DC;2847799
2847800DCI;DC;2847800
2847801DCI;DC;2847801
2847802DCI;DC;2847802
2847803DCI;DC;2847803
2847804DCI;DC;2847804
2847805DCI;DC;2847805
2847806DCI;DC;2847806
2847807DCI;DC;2847807
2847808DCI;DC;2847808
2847809DCI;DC;2847809
2847810DCI;DC;2847810
2847811DCI;DC;2847811
2847812DCI;DC;2847812
2847813DCI;DC;2847813
2847814DCI;DC;2847814
2847815DCI;DC;2847815
2847816DCI;DC;2847816
2847817DCI;DC;2847817
2847818DCI;DC;2847818
2847819DCI;DC;2847819
2847821DCI;DC;2847821
2847825DCI;DC;2847825
2847826DCI;DC;2847826
2847828DCI;DC;2847828
2847829DCI;DC;2847829
2847830DCI;DC;2847830
2847832DCI;DC;2847832
2847833DCI;DC;2847833
2847836DCI;DC;2847836
2847837DCI;DC;2847837
2847838DCI;DC;2847838
2847844DCI;DC;2847844
2847851DCI;DC;2847851
2847852DCI;DC;2847852
2847853DCI;DC;2847853
2847854DCI;DC;2847854
2847855DCI;DC;2847855
2847856DCI;DC;2847856
2847857DCI;DC;2847857
2847858DCI;DC;2847858
2847859DCI;DC;2847859
2847862DCI;DC;2847862
2847863DCI;DC;2847863
2847864DCI;DC;2847864
2847866DCI;DC;2847866
2847867DCI;DC;2847867
2847868DCI;DC;2847868
2847869DCI;DC;2847869
2847870DCI;DC;2847870
2847871DCI;DC;2847871
2847872DCI;DC;2847872
2847873DCI;DC;2847873
2847875DCI;DC;2847875
2847876DCI;DC;2847876
2847877DCI;DC;2847877
2847878DCI;DC;2847878
2847879DCI;DC;2847879
2847880DCI;DC;2847880
2847881DCI;DC;2847881
2847882DCI;DC;2847882
2847883DCI;DC;2847883
2847884DCI;DC;2847884
2847886DCI;DC;2847886
2847887DCI;DC;2847887
2847888DCI;DC;2847888
2847889DCI;DC;2847889
2847890DCI;DC;2847890
2847891DCI;DC;2847891
2847892DCI;DC;2847892
2847893DCI;DC;2847893
2847894DCI;DC;2847894
2847895DCI;DC;2847895
2847896DCI;DC;2847896
2847897DCI;DC;2847897
2847898DCI;DC;2847898
2847899DCI;DC;2847899
2847901DCI;DC;2847901
2847902DCI;DC;2847902
28482SGI;DC;28482
28534SG;SG;28534
28536SGI;DC;28536
28540SGI;DC;28540
28548SGI;DC;28548
2857117DCI;DC;2857117
2857128DCI;DC;2857128
2857148DCI;DC;2857148
2857155DCI;DC;2857155
2857158DCI;DC;2857158
2857167DCI;DC;2857167
2857168DCI;DC;2857168
2857170DCI;DC;2857170
2857171DCI;DC;2857171
2857172DCI;DC;2857172
2857173DCI;DC;2857173
2857174DCI;DC;2857174
2857175DCI;DC;2857175
2857176DCI;DC;2857176
2857177DCI;DC;2857177
2857178DCI;DC;2857178
2857179DCI;DC;2857179
28582RGSGFBA;SG;28582
2861280CLM;DC;2861280
2861281CLM;DC;2861281
2861282CLM;DC;2861282
2861283CLM;DC;2861283
2861284CLM;DC;2861284
2861286CLM;DC;2861286
2861291CLM;DC;2861291
2861296CLM;DC;2861296
2861298CLM;DC;2861298
2861299CLM;DC;2861299
2861300CLM;DC;2861300
2873105CLM;DC;2873105
2873107CLM;DC;2873107
2873108CLM;DC;2873108
2873109CLM;DC;2873109
2873110CLM;DC;2873110
2873113DCI;DC;2873113
2873114DCI;DC;2873114
2873115DCI;DC;2873115
2873116DCI;DC;2873116
2873117DCI;DC;2873117
287385CLM;DC;287385
287387CLM;DC;287387
287390CLM;DC;287390
28773RGSG;SG;28773
28776SG;SG;28776
28779SG;SG;28779
2879170CLM;DC;2879170
2879172CLM;DC;2879172
2879174CLM;DC;2879174
2879176CLM;DC;2879176
28835SGI;DC;28835
288461CLM;DC;288461
2889140DCI;DC;2889140
2889149CLM;DC;2889149
2889150CLM;DC;2889150
2889155CLM;DC;2889155
2889204CLM;DC;2889204
2889205CLM;DC;2889205
2889207CLM;DC;2889207
2889208CLM;DC;2889208
2889209CLM;DC;2889209
2889210CLM;DC;2889210
2889211CLM;DC;2889211
2889225DCI;DC;2889225
2889234CLM;DC;2889234
2889236CLM;DC;2889236
2889237DCI;DC;2889237
2889238DCI;DC;2889238
2889240CLM;DC;2889240
2889243CLM;DC;2889243
2889244DCI;DC;2889244
2889245CLM;DC;2889245
2889246DCI;DC;2889246
2889251CLM;DC;2889251
2889252DCI;DC;2889252
2889256CLM;DC;2889256
2889258CLM;DC;2889258
2889261CLM;DC;2889261
2889263CLM;DC;2889263
2889268CLM;DC;2889268
2889270DCI;DC;2889270
2889271DCI;DC;2889271
2889272DCI;DC;2889272
2889273DCI;DC;2889273
2889277DCI;DC;2889277
2889278DCI;DC;2889278
2889279DCI;DC;2889279
2889280DCI;DC;2889280
2889282DCI;DC;2889282
2889287DCI;DC;2889287
2889291DCI;DC;2889291
2889295DCI;DC;2889295
2889299DCI;DC;2889299
2889300DCI;DC;2889300
2889303DCI;DC;2889303
2889316DCI;DC;2889316
2889320DCI;DC;2889320
2889321DCI;DC;2889321
2889322DCI;DC;2889322
2889323DCI;DC;2889323
2889324DCI;DC;2889324
2889325DCI;DC;2889325
2889326DCI;DC;2889326
2889327DCI;DC;2889327
2889331DCI;DC;2889331
2889333DCI;DC;2889333
2889334DCI;DC;2889334
2889335DCI;DC;2889335
2889336DCI;DC;2889336
2889337DCI;DC;2889337
2889340DCI;DC;2889340
2889341DCI;DC;2889341
2889342DCI;DC;2889342
2889343DCI;DC;2889343
2889344DCI;DC;2889344
2889349DCI;DC;2889349
2889350DCI;DC;2889350
2889351DCI;DC;2889351
2889352DCI;DC;2889352
2889353DCI;DC;2889353
2889354DCI;DC;2889354
2889355DCI;DC;2889355
2889356DCI;DC;2889356
2889357DCI;DC;2889357
2889358DCI;DC;2889358
2889359DCI;DC;2889359
2890423CLM;DC;2890423
2890431CLM;DC;2890431
2890434CLM;DC;2890434
2890435CLM;DC;2890435
2890486CLM;DC;2890486
2890489CLM;DC;2890489
2890490CLM;DC;2890490
2890491CLM;DC;2890491
2890492CLM;DC;2890492
2890519CLM;DC;2890519
2890563CLM;DC;2890563
2890569CLM;DC;2890569
2890570CLM;DC;2890570
2890571CLM;DC;2890571
2890572CLM;DC;2890572
2890573DCI;DC;2890573
2890577DCI;DC;2890577
2890578DCI;DC;2890578
2890581DCI;DC;2890581
2890582DCI;DC;2890582
2890585DCI;DC;2890585
2890586DCI;DC;2890586
2890588DCI;DC;2890588
2890589DCI;DC;2890589
2890590DCI;DC;2890590
2890591DCI;DC;2890591
2890592DCI;DC;2890592
2890593DCI;DC;2890593
2890602DCI;DC;2890602
2890603DCI;DC;2890603
2890607DCI;DC;2890607
2890608DCI;DC;2890608
2890613DCI;DC;2890613
2890616DCI;DC;2890616
2890617DCI;DC;2890617
289548CLM;DC;289548
289549CLM;DC;289549
289551CLM;DC;289551
289553CLM;DC;289553
289554CLM;DC;289554
289557CLM;DC;289557
289558DCI;DC;289558
289559CLM;DC;289559
289560CLM;DC;289560
289561CLM;DC;289561
289568CLM;DC;289568
289569CLM;DC;289569
289571CLM;DC;289571
2910119DCI;DC;2910119
2910120DCI;DC;2910120
2910135DCI;DC;2910135
2910139CLM;DC;2910139
2910141CLM;DC;2910141
2915206CLM;DC;2915206
2915207CLM;DC;2915207
2915212CLM;DC;2915212
2915274CLM;DC;2915274
2915277CLM;DC;2915277
2915280CLM;DC;2915280
2915297CLM;DC;2915297
2915310CLM;DC;2915310
2915329CLM;DC;2915329
2915365CLM;DC;2915365
2915390CLM;DC;2915390
2915391CLM;DC;2915391
2915392CLM;DC;2915392
2915393CLM;DC;2915393
2915394CLM;DC;2915394
291569CLM;DC;291569
29307SGR;SG;29307
29310SG;SG;29310
29329SGI;DC;29329
29330SGI;DC;29330
29343SGI;DC;29343
29358SGI;DC;29358
29359SGI;DC;29359
29360SGI;DC;29360
29384SGI;DC;29384
293862CLM;DC;293862
293863CLM;DC;293863
29424SGI;DC;29424
29486SGI;DC;29486
299520CLM;DC;299520
299524CLM;DC;299524
299525CLM;DC;299525
299526CLM;DC;299526
299527CLM;DC;299527
299529CLM;DC;299529
299530CLM;DC;299530
299531CLM;DC;299531
299532CLM;DC;299532
299533CLM;DC;299533
299534CLM;DC;299534
299535CLM;DC;299535
299536CLM;DC;299536
299537CLM;DC;299537
299538CLM;DC;299538
299539CLM;DC;299539
299540CLM;DC;299540
299541CLM;DC;299541
299543CLM;DC;299543
299544CLM;DC;299544
299545CLM;DC;299545
299547CLM;DC;299547
299549CLM;DC;299549
299551CLM;DC;299551
299552CLM;DC;299552
299553CLM;DC;299553
299554CLM;DC;299554
299555CLM;DC;299555
299557CLM;DC;299557
30038MDRG;MD;30038
30039MDRG;MD;30039
30047MDRG;MD;30047
30048MDRG;MD;30048
30049MD;MD;30049
30052MDRG;MD;30052
30053MDRG;MD;30053
30055MDRG;MD;30055
30057MDRG;MD;30057
30058MDRG;MD;30058
30060MDRG;MD;30060
300929CLM;DC;300929
300931CLM;DC;300931
300932CLM;DC;300932
300933CLM;DC;300933
300935CLM;DC;300935
300949CLM;DC;300949
300950CLM;DC;300950
30102MDRG;MD;30102
30103MDRG;MD;30103
30104MDRG;MD;30104
30105MDRG;MD;30105
30108MDRG;MD;30108
30109MDRG;MD;30109
30111MDRG;MD;30111
30114MDRG;MD;30114
30143SG;SG;30143
30146SGI;DC;30146
301513CLM;DC;301513
301514CLM;DC;301514
301515CLM;DC;301515
301516CLM;DC;301516
301517CLM;DC;301517
301518CLM;DC;301518
301520CLM;DC;301520
301522CLM;DC;301522
301524CLM;DC;301524
301525CLM;DC;301525
301526CLM;DC;301526
301527CLM;DC;301527
301528CLM;DC;301528
30152SG;SG;30152
30153SG;SG;30153
30155SG;SG;30155
30168SGI;DC;30168
30175SG;SG;30175
30266SGI;DC;30266
30288SG;SG;30288
303233CLM;DC;303233
303234CLM;DC;303234
303237CLM;DC;303237
30330SG;SG;30330
30332SG;SG;30332
30333SG;SG;30333
30335SG;SG;30335
30340SG;SG;30340
30343SG;SG;30343
30366SGI;DC;30366
30378SG;SG;30378
30380SG;SG;30380
30381SG;SG;30381
30382SG;SG;30382
30383SG;SG;30383
30384SG;SG;30384
30390SGRI;SG;30390
30398SG;SG;30398
30401SG;SG;30401
30403SG;SG;30403
304110CLM;DC;304110
304111CLM;DC;304111
304118CLM;DC;304118
3041258CLM;DC;3041258
3041260CLM;DC;3041260
3041262CLM;DC;3041262
3041272CLM;DC;3041272
3041313CLM;DC;3041313
3041314CLM;DC;3041314
3041322CLM;DC;3041322
3041325CLM;DC;3041325
3041330CLM;DC;3041330
3041335CLM;DC;3041335
3041337CLM;DC;3041337
3041338CLM;DC;3041338
3041341CLM;DC;3041341
3041355CLM;DC;3041355
3041356CLM;DC;3041356
3041359CLM;DC;3041359
3041371CLM;DC;3041371
3041375CLM;DC;3041375
3041376CLM;DC;3041376
3041378CLM;DC;3041378
3041379CLM;DC;3041379
3041380CLM;DC;3041380
3041382CLM;DC;3041382
3041385CLM;DC;3041385
304178CLM;DC;304178
30439SGI;DC;30439
30440SGI;DC;30440
30454SG;SG;30454
30458SG;SG;30458
30459SG;SG;30459
30460SG;SG;30460
30464SG;SG;30464
30467SG;SG;30467
30468SG;SG;30468
30474SG;SG;30474
30489SG;SG;30489
30491SGI;DC;30491
30504SG;SG;30504
30505SG;SG;30505
30508SG;SG;30508
30509SG;SG;30509
30510SG;SG;30510
30512235CLM;DC;30512235
30512968CLM;DC;30512968
30512980CLM;DC;30512980
30512981CLM;DC;30512981
30512SGI;DC;30512
30513014CLM;DC;30513014
30513015CLM;DC;30513015
30513158CLM;DC;30513158
30513173CLM;DC;30513173
30513180CLM;DC;30513180
30513189CLM;DC;30513189
30513192CLM;DC;30513192
30513208CLM;DC;30513208
30513301CLM;DC;30513301
30513SG;SG;30513
305701CLM;DC;305701
305703CLM;DC;305703
305706CLM;DC;305706
305707CLM;DC;305707
305710CLM;DC;305710
305712CLM;DC;305712
305714CLM;DC;305714
305717CLM;DC;305717
305718CLM;DC;305718
305719CLM;DC;305719
305720CLM;DC;305720
305721CLM;DC;305721
305724CLM;DC;305724
305725CLM;DC;305725
305726CLM;DC;305726
305727CLM;DC;305727
305728CLM;DC;305728
305729CLM;DC;305729
305730CLM;DC;305730
305731CLM;DC;305731
306121CLM;DC;306121
306122CLM;DC;306122
306123CLM;DC;306123
306124CLM;DC;306124
306125CLM;DC;306125
306126CLM;DC;306126
306303CLM;DC;306303
306358CLM;DC;306358
306359CLM;DC;306359
306362CLM;DC;306362
306368CLM;DC;306368
306369CLM;DC;306369
306371CLM;DC;306371
306372CLM;DC;306372
306373CLM;DC;306373
306374CLM;DC;306374
306380CLM;DC;306380
306381CLM;DC;306381
306383CLM;DC;306383
306385CLM;DC;306385
306388CLM;DC;306388
306422CLM;DC;306422
30651SG;SG;30651
30668SG;SG;30668
3067102CLM;DC;3067102
3067103CLM;DC;3067103
3067106CLM;DC;3067106
3067107CLM;DC;3067107
3067110CLM;DC;3067110
3067111CLM;DC;3067111
3067112CLM;DC;3067112
3067115CLM;DC;3067115
3067116CLM;DC;3067116
3067117CLM;DC;3067117
3067118CLM;DC;3067118
3067119CLM;DC;3067119
3067121CLM;DC;3067121
3067122CLM;DC;3067122
3067123CLM;DC;3067123
3067124CLM;DC;3067124
3067125CLM;DC;3067125
3067126CLM;DC;3067126
3067128CLM;DC;3067128
3067129CLM;DC;3067129
3067130CLM;DC;3067130
3067131CLM;DC;3067131
3067132CLM;DC;3067132
3067133CLM;DC;3067133
3067135CLM;DC;3067135
3067136CLM;DC;3067136
3067137CLM;DC;3067137
3067138CLM;DC;3067138
306713CLM;DC;306713
3067140CLM;DC;3067140
3067141CLM;DC;3067141
3067142CLM;DC;3067142
3067143CLM;DC;3067143
3067144CLM;DC;3067144
3067145CLM;DC;3067145
3067147CLM;DC;3067147
3067148CLM;DC;3067148
3067149CLM;DC;3067149
3067150CLM;DC;3067150
3067151CLM;DC;3067151
3067152CLM;DC;3067152
3067153CLM;DC;3067153
3067154CLM;DC;3067154
3067155CLM;DC;3067155
3067156CLM;DC;3067156
3067157CLM;DC;3067157
3067158CLM;DC;3067158
3067159CLM;DC;3067159
306715CLM;DC;306715
3067160CLM;DC;3067160
3067162CLM;DC;3067162
3067163CLM;DC;3067163
3067164CLM;DC;3067164
3067165CLM;DC;3067165
3067166CLM;DC;3067166
3067167CLM;DC;3067167
3067168CLM;DC;3067168
3067169CLM;DC;3067169
306717CLM;DC;306717
3067188CLM;DC;3067188
3067189CLM;DC;3067189
3067191CLM;DC;3067191
3067192CLM;DC;3067192
3067193CLM;DC;3067193
3067199CLM;DC;3067199
3067201CLM;DC;3067201
3067203CLM;DC;3067203
3067204CLM;DC;3067204
3067205CLM;DC;3067205
3067206CLM;DC;3067206
3067208CLM;DC;3067208
3067209CLM;DC;3067209
3067210CLM;DC;3067210
3067211CLM;DC;3067211
3067212CLM;DC;3067212
3067215CLM;DC;3067215
3067216CLM;DC;3067216
3067217CLM;DC;3067217
3067218CLM;DC;3067218
3067219CLM;DC;3067219
3067220CLM;DC;3067220
3067221CLM;DC;3067221
3067222CLM;DC;3067222
3067226CLM;DC;3067226
3067227CLM;DC;3067227
3067228CLM;DC;3067228
3067229CLM;DC;3067229
3067230CLM;DC;3067230
3067231CLM;DC;3067231
3067232CLM;DC;3067232
3067233CLM;DC;3067233
3067234CLM;DC;3067234
3067235CLM;DC;3067235
3067236CLM;DC;3067236
3067237CLM;DC;3067237
3067238CLM;DC;3067238
3067239CLM;DC;3067239
306723CLM;DC;306723
3067240CLM;DC;3067240
306725CLM;DC;306725
306729CLM;DC;306729
306730CLM;DC;306730
30675SG;SG;30675
306793CLM;DC;306793
3069107CLM;DC;3069107
3069108CLM;DC;3069108
3069114CLM;DC;3069114
3069115CLM;DC;3069115
3069117CLM;DC;3069117
3069118CLM;DC;3069118
3069121CLM;DC;3069121
3069131CLM;DC;3069131
3069141CLM;DC;3069141
3069145CLM;DC;3069145
3069146CLM;DC;3069146
3069147CLM;DC;3069147
3069148CLM;DC;3069148
3069149CLM;DC;3069149
3069150CLM;DC;3069150
3069151CLM;DC;3069151
3069154CLM;DC;3069154
3069156CLM;DC;3069156
3069157CLM;DC;3069157
3069160CLM;DC;3069160
3069161CLM;DC;3069161
3069162CLM;DC;3069162
3069163CLM;DC;3069163
307150CLM;DC;307150
307161CLM;DC;307161
307162CLM;DC;307162
307163CLM;DC;307163
307164CLM;DC;307164
307169CLM;DC;307169
307171CLM;DC;307171
307172CLM;DC;307172
307174CLM;DC;307174
307175CLM;DC;307175
307177CLM;DC;307177
30719SG;SG;30719
307229CLM;DC;307229
307230CLM;DC;307230
307231CLM;DC;307231
307232CLM;DC;307232
30735SG;SG;30735
30747SGI;DC;30747
30749SG;SG;30749
30750SG;SG;30750
30764SG;SG;30764
30767SG;SG;30767
30780SG;SG;30780
30782SG;SG;30782
30785SG;SG;30785
308013CLM;DC;308013
308014CLM;DC;308014
308015CLM;DC;308015
308016CLM;DC;308016
308018CLM;DC;308018
308019CLM;DC;308019
308020CLM;DC;308020
308021CLM;DC;308021
308022CLM;DC;308022
308023CLM;DC;308023
308025CLM;DC;308025
308026CLM;DC;308026
308027CLM;DC;308027
308028CLM;DC;308028
308029CLM;DC;308029
308030CLM;DC;308030
30827SG;SG;30827
308322CLM;DC;308322
308323CLM;DC;308323
308325CLM;DC;308325
30848SG;SG;30848
30849SG;SG;30849
308636CLM;DC;308636
308637CLM;DC;308637
308639CLM;DC;308639
308640CLM;DC;308640
308642CLM;DC;308642
308644CLM;DC;308644
308648CLM;DC;308648
308650CLM;DC;308650
308652CLM;DC;308652
308653CLM;DC;308653
308654CLM;DC;308654
308655CLM;DC;308655
308656CLM;DC;308656
308657CLM;DC;308657
308658CLM;DC;308658
308659CLM;DC;308659
308660CLM;DC;308660
308661CLM;DC;308661
308662CLM;DC;308662
308663CLM;DC;308663
308664CLM;DC;308664
308665CLM;DC;308665
308666CLM;DC;308666
308667CLM;DC;308667
308668CLM;DC;308668
308669CLM;DC;308669
308670CLM;DC;308670
308674CLM;DC;308674
308685CLM;DC;308685
308686CLM;DC;308686
308687CLM;DC;308687
308689CLM;DC;308689
308828CLM;DC;308828
308829CLM;DC;308829
308846CLM;DC;308846
308847CLM;DC;308847
308848CLM;DC;308848
30888MD;MD;30888
308940CLM;DC;308940
308945CLM;DC;308945
308946CLM;DC;308946
308947CLM;DC;308947
308948CLM;DC;308948
308953CLM;DC;308953
308954CLM;DC;308954
308958CLM;DC;308958
309003CLM;DC;309003
30910SG;SG;30910
30911SG;SG;30911
30914SG;SG;30914
30915SG;SG;30915
30916SG;SG;30916
30919MDRG;MD;30919
30919SG;SG;30919
309214CLM;DC;309214
309216CLM;DC;309216
30921SG;SG;30921
30923SG;SG;30923
30925MD;MD;30925
30931SG;SG;30931
30934SG;SG;30934
30935MD;MD;30935
30936MD;MD;30936
30939MDRG;MD;30939
30940MDRG;MD;30940
309501CLM;DC;309501
309502CLM;DC;309502
309513CLM;DC;309513
309516CLM;DC;309516
309518CLM;DC;309518
309519CLM;DC;309519
309520CLM;DC;309520
309521CLM;DC;309521
309522CLM;DC;309522
309523CLM;DC;309523
309525CLM;DC;309525
309526CLM;DC;309526
309528CLM;DC;309528
309532CLM;DC;309532
309533CLM;DC;309533
309535CLM;DC;309535
309536CLM;DC;309536
309537CLM;DC;309537
309538CLM;DC;309538
309539CLM;DC;309539
309540CLM;DC;309540
309541CLM;DC;309541
309542CLM;DC;309542
309543CLM;DC;309543
309544CLM;DC;309544
309545CLM;DC;309545
309546CLM;DC;309546
309547CLM;DC;309547
309548CLM;DC;309548
309549CLM;DC;309549
309550CLM;DC;309550
309551CLM;DC;309551
309552CLM;DC;309552
309553CLM;DC;309553
30955SG;SG;30955
30956SGR;SG;30956
30958SG;SG;30958
309617CLM;DC;309617
3097107CLM;DC;3097107
3097108CLM;DC;3097108
3097110CLM;DC;3097110
3097111CLM;DC;3097111
3097114CLM;DC;3097114
3097117CLM;DC;3097117
3097119CLM;DC;3097119
3097121CLM;DC;3097121
3097122CLM;DC;3097122
3097124CLM;DC;3097124
3097127CLM;DC;3097127
3097129CLM;DC;3097129
3097137CLM;DC;3097137
3097142CLM;DC;3097142
3097143CLM;DC;3097143
3097144CLM;DC;3097144
3097145CLM;DC;3097145
3097149CLM;DC;3097149
3097156CLM;DC;3097156
3097166CLM;DC;3097166
3097169CLM;DC;3097169
3097171CLM;DC;3097171
3097172CLM;DC;3097172
309731CLM;DC;309731
309732CLM;DC;309732
309733CLM;DC;309733
309734CLM;DC;309734
309735CLM;DC;309735
309736CLM;DC;309736
309737CLM;DC;309737
309738CLM;DC;309738
309741CLM;DC;309741
309743CLM;DC;309743
309744CLM;DC;309744
309746CLM;DC;309746
309750CLM;DC;309750
309751CLM;DC;309751
309752CLM;DC;309752
309753CLM;DC;309753
309754CLM;DC;309754
309755CLM;DC;309755
309756CLM;DC;309756
309757CLM;DC;309757
309758CLM;DC;309758
309775CLM;DC;309775
3098100CLM;DC;3098100
3098102CLM;DC;3098102
3098145CLM;DC;3098145
3098146CLM;DC;3098146
309815CLM;DC;309815
3098175CLM;DC;3098175
3098177CLM;DC;3098177
3098178CLM;DC;3098178
3098179CLM;DC;3098179
3098184CLM;DC;3098184
3098185CLM;DC;3098185
3098188CLM;DC;3098188
3098189CLM;DC;3098189
3098190CLM;DC;3098190
3098193CLM;DC;3098193
3098196CLM;DC;3098196
3098200CLM;DC;3098200
3098208CLM;DC;3098208
3098211CLM;DC;3098211
3098213CLM;DC;3098213
3098219CLM;DC;3098219
309832CLM;DC;309832
309834CLM;DC;309834
309836CLM;DC;309836
309845CLM;DC;309845
309847CLM;DC;309847
309858CLM;DC;309858
309860CLM;DC;309860
309861CLM;DC;309861
309887CLM;DC;309887
309890CLM;DC;309890
309895CLM;DC;309895
309897CLM;DC;309897
309901CLM;DC;309901
309903CLM;DC;309903
309904CLM;DC;309904
309905CLM;DC;309905
309908CLM;DC;309908
30993SG;SG;30993
310101CLM;DC;310101
310201CLM;DC;310201
310202CLM;DC;310202
310203CLM;DC;310203
310204CLM;DC;310204
310205CLM;DC;310205
310206CLM;DC;310206
310207CLM;DC;310207
310208CLM;DC;310208
31025MDRG;MD;31025
31029SG;SG;31029
310301CLM;DC;310301
310303CLM;DC;310303
310306CLM;DC;310306
310307CLM;DC;310307
310309CLM;DC;310309
31030SG;SG;31030
310310CLM;DC;310310
310312CLM;DC;310312
310313CLM;DC;310313
31038SG;SG;31038
310402CLM;DC;310402
310404CLM;DC;310404
310405CLM;DC;310405
310407CLM;DC;310407
31040SG;SG;31040
310415CLM;DC;310415
310416CLM;DC;310416
31041SG;SG;31041
310420CLM;DC;310420
310421CLM;DC;310421
310422CLM;DC;310422
310424CLM;DC;310424
31042SG;SG;31042
31043SG;SG;31043
31044SG;SG;31044
31045SG;SG;31045
31049SG;SG;31049
31050SG;SG;31050
31051SG;SG;31051
31052SG;SG;31052
31053SG;SG;31053
31054SG;SG;31054
31069SG;SG;31069
310713CLM;DC;310713
310716CLM;DC;310716
310717CLM;DC;310717
310719CLM;DC;310719
310720CLM;DC;310720
310721CLM;DC;310721
310722CLM;DC;310722
310723CLM;DC;310723
310724CLM;DC;310724
310801CLM;DC;310801
310804CLM;DC;310804
310807CLM;DC;310807
310808CLM;DC;310808
310809CLM;DC;310809
310810CLM;DC;310810
310811CLM;DC;310811
310812CLM;DC;310812
310813CLM;DC;310813
310814CLM;DC;310814
310815CLM;DC;310815
310816CLM;DC;310816
310833CLM;DC;310833
310838CLM;DC;310838
310843CLM;DC;310843
310906CLM;DC;310906
310908CLM;DC;310908
310909CLM;DC;310909
310911CLM;DC;310911
310912CLM;DC;310912
311001CLM;DC;311001
311004CLM;DC;311004
31103MD;MD;31103
31103SG;SG;31103
31104MD;MD;31104
311101CLM;DC;311101
311103CLM;DC;311103
311106CLM;DC;311106
311108CLM;DC;311108
311110CLM;DC;311110
311112CLM;DC;311112
31122MD;MD;31122
311301CLM;DC;311301
311302CLM;DC;311302
311303CLM;DC;311303
311304CLM;DC;311304
311305CLM;DC;311305
311306CLM;DC;311306
311308CLM;DC;311308
31130MD;MD;31130
311404CLM;DC;311404
311512CLM;DC;311512
311518CLM;DC;311518
311522CLM;DC;311522
311524CLM;DC;311524
31154SG;SG;31154
31155SG;SG;31155
311604CLM;DC;311604
311605CLM;DC;311605
311606CLM;DC;311606
311607CLM;DC;311607
311610CLM;DC;311610
31164SG;SG;31164
31165SG;SG;31165
311701CLM;DC;311701
311703CLM;DC;311703
311704CLM;DC;311704
311705CLM;DC;311705
311706CLM;DC;311706
311707CLM;DC;311707
311708CLM;DC;311708
311709CLM;DC;311709
311710CLM;DC;311710
311711CLM;DC;311711
31183MD;MD;31183
31184MD;MD;31184
311905CLM;DC;311905
311908CLM;DC;311908
311909CLM;DC;311909
311910CLM;DC;311910
311911CLM;DC;311911
311913CLM;DC;311913
311915CLM;DC;311915
311917CLM;DC;311917
311918CLM;DC;311918
311920CLM;DC;311920
311921CLM;DC;311921
311922CLM;DC;311922
311923CLM;DC;311923
311924CLM;DC;311924
311930CLM;DC;311930
31198SG;SG;31198
312001CLM;DC;312001
312004CLM;DC;312004
312006CLM;DC;312006
312008CLM;DC;312008
312009CLM;DC;312009
312010CLM;DC;312010
312101CLM;DC;312101
312106CLM;DC;312106
312108CLM;DC;312108
312109CLM;DC;312109
31224SG;SG;31224
31225SG;SG;31225
31228SG;SG;31228
31229SG;SG;31229
312302CLM;DC;312302
312304CLM;DC;312304
312305CLM;DC;312305
312306CLM;DC;312306
312309CLM;DC;312309
312311CLM;DC;312311
312313CLM;DC;312313
312314CLM;DC;312314
312317CLM;DC;312317
312318CLM;DC;312318
31231SG;SG;31231
31232SG;SG;31232
31251SG;SG;31251
31258SG;SG;31258
31259SG;SG;31259
31261SG;SG;31261
31263MD;MD;31263
31263SG;SG;31263
31265SG;SG;31265
312701CLM;DC;312701
312702CLM;DC;312702
312704CLM;DC;312704
312705CLM;DC;312705
312706CLM;DC;312706
31283SG;SG;31283
31289SG;SG;31289
31290SG;SG;31290
31294MD;MD;31294
31298SG;SG;31298
31300SG;SG;31300
31301SG;SG;31301
31302SG;SG;31302
31316MD;MD;31316
31318MD;MD;31318
31322MD;MD;31322
31325SG;SG;31325
31328SG;SG;31328
31329SG;SG;31329
31330SG;SG;31330
31331MD;MD;31331
31331SG;SG;31331
31332SG;SG;31332
31333MD;MD;31333
31333SG;SG;31333
31334MD;MD;31334
31334SG;SG;31334
31335SG;SG;31335
31336SG;SG;31336
31337SG;SG;31337
31343SG;SG;31343
31348SG;SG;31348
31350SG;SG;31350
31353MD;MD;31353
31364SG;SG;31364
31365MD;MD;31365
31365SG;SG;31365
31374SG;SG;31374
31376SGI;DC;31376
31379SG;SG;31379
31380SG;SG;31380
31385MD;MD;31385
31387MD;MD;31387
31388MD;MD;31388
31391SG;SG;31391
31423SG;SG;31423
31424SG;SG;31424
31425SG;SG;31425
31427SG;SG;31427
31442SG;SG;31442
31447MD;MD;31447
31450SG;SG;31450
31451SG;SG;31451
31452SG;SG;31452
31468SG;SG;31468
31469MD;MD;31469
31470SG;SG;31470
31472SG;SG;31472
31473SG;SG;31473
31474SG;SG;31474
31475SG;SG;31475
31484SG;SG;31484
31487SG;SG;31487
31488SG;SG;31488
31489SG;SG;31489
31521SG;SG;31521
31527SG;SG;31527
31530SG;SG;31530
31540SG;SG;31540
31541SG;SG;31541
31542SG;SG;31542
31545SG;SG;31545
31547SG;SG;31547
31550SG;SG;31550
31551SG;SG;31551
31552SG;SG;31552
31553SG;SG;31553
31559SG;SG;31559
31561SG;SG;31561
31564SG;SG;31564
31566SG;SG;31566
31567SG;SG;31567
31575SG;SG;31575
31577SG;SG;31577
31578SG;SG;31578
31579SG;SG;31579
31580SG;SG;31580
31581SG;SG;31581
31582SG;SG;31582
31583SG;SG;31583
31603SG;SG;31603
31608SG;SG;31608
31611SGRI;SG;31611
31614SGRI;SG;31614
31621SG;SG;31621
31622SG;SG;31622
321SGI;DC;321
32348SG;SG;32348
32360SG;SG;32360
32363SG;SG;32363
32368SG;SG;32368
32375SG;SG;32375
32426SGI;DC;32426
32429SGI;DC;32429
32430SGRI;SG;32430
32431SGRI;SG;32431
32432SGI;DC;32432
32438SGI;DC;32438
32439SGRI;SG;32439
32440SGRI;SG;32440
32518SGI;DC;32518
32520SGRI;SG;32520
32522SGRI;SG;32522
32568SGI;DC;32568
32576SGI;DC;32576
32580SGRI;SG;32580
32671SGRI;SG;32671
32674SGRI;SG;32674
32683SGRI;SG;32683
32685SGRI;SG;32685
32691SGRI;SG;32691
32692SGRI;SG;32692
32701SGI;DC;32701
32702SGI;DC;32702
32726SGI;DC;32726
32731SGRI;SG;32731
32733SGI;DC;32733
32736SGI;DC;32736
32737SGI;DC;32737
32764SGRI;SG;32764
32765SGRI;SG;32765
32767SGRI;SG;32767
32785SGRI;SG;32785
32797SGRI;SG;32797
32798SGRI;SG;32798
32799SGRI;SG;32799
32846SGI;DC;32846
32856SGI;DC;32856
32876SGI;DC;32876
32896SGI;DC;32896
32898SGI;DC;32898
32906SGI;DC;32906
32943SGRI;SG;32943
32948SGRI;SG;32948
32953SGRI;SG;32953
32963SGRI;SG;32963
32964SGRI;SG;32964
32965SGRI;SG;32965
3296VCI;VC;3296
32986SGI;DC;32986
32993SGI;DC;32993
32994SGI;DC;32994
33001SGI;DC;33001
33026SGI;DC;33026
33050SGI;DC;33050
33051SGI;DC;33051
33052SGI;DC;33052
33054SGI;DC;33054
33056SGI;DC;33056
33057SGI;DC;33057
33059SGI;DC;33059
33061SGI;DC;33061
33063SGI;DC;33063
33067SGI;DC;33067
33101SGRI;SG;33101
33102SGRI;SG;33102
33108SGRI;SG;33108
33120SGRI;SG;33120
33135SGI;DC;33135
33152SGRI;SG;33152
33153SGRI;SG;33153
33167SGI;DC;33167
33178SGI;DC;33178
33186SGI;DC;33186
33193SGRI;SG;33193
33194SGRI;SG;33194
33204SGRI;SG;33204
33210SGRI;SG;33210
33211SGRI;SG;33211
33214SGRI;SG;33214
33215SGRI;SG;33215
33282SGRI;SG;33282
33283SGRI;SG;33283
33306SGI;DC;33306
33336SGI;DC;33336
33404SGI;DC;33404
33456SGI;DC;33456
33469SGRI;SG;33469
33533SGI;DC;33533
33534SGI;DC;33534
33543SGI;DC;33543
3358VCT;VC;3358
33648SGRI;SG;33648
3370VCI;VC;3370
33710SGRI;SG;33710
33728SGI;DC;33728
33746SGI;DC;33746
33770SGI;DC;33770
33771SGI;DC;33771
33786SGI;DC;33786
33796SGI;DC;33796
33806SGRI;SG;33806
33808SGRI;SG;33808
33835SGI;DC;33835
33839SGI;DC;33839
33842SGI;DC;33842
33843SGI;DC;33843
3384VCT;VC;3384
3385VCI;VC;3385
3386VCT;VC;3386
33884SGRI;SG;33884
33891SGRI;SG;33891
33896SGI;DC;33896
33916SGI;DC;33916
33925SGI;DC;33925
33928SGRI;SG;33928
33934SGRI;SG;33934
33935SGRI;SG;33935
33938SGRI;SG;33938
33939SGRI;SG;33939
33940SGRI;SG;33940
33941SGRI;SG;33941
33943SGRI;SG;33943
33959SGI;DC;33959
33973SGI;DC;33973
33984SGI;DC;33984
33996SGI;DC;33996
34012SGI;DC;34012
34013SGI;DC;34013
34028SGI;DC;34028
34029SGI;DC;34029
34092SGI;DC;34092
34093SGI;DC;34093
34094SGI;DC;34094
34095SGI;DC;34095
34111SGI;DC;34111
34158SGRI;SG;34158
34160SGRI;SG;34160
34162SGI;DC;34162
34180SGI;DC;34180
34181SGI;DC;34181
34183SGI;DC;34183
34184SGI;DC;34184
34185SGI;DC;34185
34186SGI;DC;34186
34188SGI;DC;34188
34190SGI;DC;34190
34193SGI;DC;34193
34194SGI;DC;34194
34195SGI;DC;34195
34209SGRI;SG;34209
34213SGRI;SG;34213
34216SGRI;SG;34216
34220SGRI;SG;34220
34236SGI;DC;34236
34276SGI;DC;34276
34286SGI;DC;34286
34295SGRI;SG;34295
34296SGI;DC;34296
34297SGI;DC;34297
34300SGI;DC;34300
34308SGRI;SG;34308
34309SGI;DC;34309
34310SGRI;SG;34310
34312SGRI;SG;34312
34313SGRI;SG;34313
34314SGRI;SG;34314
34315SGRI;SG;34315
34323SGRI;SG;34323
34367SGI;DC;34367
343681SGI;DC;343681
343682SGI;DC;343682
34373SGRI;SG;34373
34378SGRI;SG;34378
34379SGRI;SG;34379
34380SGRI;SG;34380
34382SGRI;SG;34382
34384SGRI;SG;34384
34399SGRI;SG;34399
34436SGI;DC;34436
34462SGRI;SG;34462
34464SGRI;SG;34464
34466SGI;DC;34466
34470SGI;DC;34470
34472SGI;DC;34472
34476SGI;DC;34476
34480SGI;DC;34480
34482SGI;DC;34482
34483SGI;DC;34483
34486SGI;DC;34486
34494SGI;DC;34494
34506SGI;DC;34506
34508SGI;DC;34508
34509SGI;DC;34509
34549SGI;DC;34549
34556SGI;DC;34556
34576SGI;DC;34576
34577SGI;DC;34577
34581SGI;DC;34581
34602SGI;DC;34602
34609SGI;DC;34609
34615SGI;DC;34615
34616SGI;DC;34616
34643SGI;DC;34643
34644SGRI;SG;34644
34645SGRI;SG;34645
34650SGRI;SG;34650
34668SGI;DC;34668
34669SGI;DC;34669
34683SGRI;SG;34683
34706SGI;DC;34706
34752SGRI;SG;34752
34753SGRI;SG;34753
34766SGI;DC;34766
34769SGI;DC;34769
34785SGI;DC;34785
34794SGI;DC;34794
34809SGRI;SG;34809
34812SGRI;SG;34812
34826SGI;DC;34826
34836SGI;DC;34836
34875SGI;DC;34875
34876SGI;DC;34876
34880SGRI;SG;34880
34882SGRI;SG;34882
34883SGRI;SG;34883
34884SGRI;SG;34884
34888SGRI;SG;34888
34890SGRI;SG;34890
34891SGRI;SG;34891
34898SGRI;SG;34898
34899SGRI;SG;34899
34906SGI;DC;34906
34910SGRI;SG;34910
34918SGRI;SG;34918
34936SGI;DC;34936
34946SGI;DC;34946
34954SGI;DC;34954
34976SGI;DC;34976
34982SGRI;SG;34982
34983SGRI;SG;34983
34984SGRI;SG;34984
34986SGRI;SG;34986
35013SGRI;SG;35013
35014SGRI;SG;35014
35015SGRI;SG;35015
35018SGRI;SG;35018
35021SGI;DC;35021
35026SGI;DC;35026
35032SGRI;SG;35032
35033SGRI;SG;35033
35034SGRI;SG;35034
35035SGRI;SG;35035
35036SGRI;SG;35036
35038SGRI;SG;35038
35044SGRI;SG;35044
35057SGRI;SG;35057
35065SGRI;SG;35065
35069SGRI;SG;35069
35079SGRI;SG;35079
35086SGI;DC;35086
35090SGI;DC;35090
35100SGI;DC;35100
35101SGI;DC;35101
35110SGI;DC;35110
35116SGI;DC;35116
35123SGI;DC;35123
35139SGRI;SG;35139
35141SGRI;SG;35141
35184SGRI;SG;35184
35185SGRI;SG;35185
35191SGRI;SG;35191
35227SGI;DC;35227
35229SGRI;SG;35229
35236SGI;DC;35236
35537RGSG;SG;35537
3577VCT;VC;3577
35817SGI;DC;35817
35916SGI;DC;35916
35956SGI;DC;35956
36038SGRI;SG;36038
36039SGRI;SG;36039
36040SGRI;SG;36040
36041SGRI;SG;36041
36042SGRI;SG;36042
36043SGRI;SG;36043
36044SGRI;SG;36044
36046SGRI;SG;36046
36047SGRI;SG;36047
36055SGRI;SG;36055
36056SGRI;SG;36056
36058SGRI;SG;36058
36059SGI;DC;36059
3605VCT;VC;3605
36065SGRI;SG;36065
36067SGRI;SG;36067
36069SGI;DC;36069
36070SGI;DC;36070
36072SGRI;SG;36072
36073SGRI;SG;36073
36076SGI;DC;36076
36079SGI;DC;36079
36080SGI;DC;36080
36084SGI;DC;36084
36086SGI;DC;36086
36087SGI;DC;36087
36094SGI;DC;36094
36096SGI;DC;36096
36097SGRI;SG;36097
36098SGRI;SG;36098
36134SGRI;SG;36134
36135SGRI;SG;36135
36143SGI;DC;36143
36144SGI;DC;36144
36145SGI;DC;36145
36147SGI;DC;36147
36148SGRI;SG;36148
36149SGRI;SG;36149
36166SGI;DC;36166
36207SGRI;SG;36207
36218SGRI;SG;36218
36222SGRI;SG;36222
36223SGRI;SG;36223
36224SGRI;SG;36224
36225SGRI;SG;36225
36228SGRI;SG;36228
36230SGRI;SG;36230
36234SGI;DC;36234
36237SGI;DC;36237
36238SGRI;SG;36238
36247SGRI;SG;36247
3625VCI;VC;3625
36262SGRI;SG;36262
36265SGRI;SG;36265
36268SGRI;SG;36268
36279SGRI;SG;36279
36306SGI;DC;36306
36314SGRI;SG;36314
36338SGRI;SG;36338
36339SGRI;SG;36339
36360SGRI;SG;36360
36364SGRI;SG;36364
36366SGI;DC;36366
36380SGRI;SG;36380
36382SGRI;SG;36382
36388SGRI;SG;36388
36413SGI;DC;36413
36455SGRI;SG;36455
36456SGRI;SG;36456
36458SGRI;SG;36458
36466SGRI;SG;36466
36467SGRI;SG;36467
36468SGRI;SG;36468
36469SGRI;SG;36469
36470SGRI;SG;36470
36478SGI;DC;36478
36480SGI;DC;36480
36485SGRI;SG;36485
36509SGRI;SG;36509
36523SGRI;SG;36523
36549SGI;DC;36549
36550SGI;DC;36550
36554SGI;DC;36554
36560SGRI;SG;36560
36562SGI;DC;36562
36564SGRI;SG;36564
36565SGRI;SG;36565
36566SGI;DC;36566
36568SGI;DC;36568
36592SGRI;SG;36592
36600SGI;DC;36600
36602SGI;DC;36602
36606SGI;DC;36606
36613SGI;DC;36613
36636SGRI;SG;36636
36638SGRI;SG;36638
36640SGRI;SG;36640
36642SGRI;SG;36642
36662SGI;DC;36662
36669SGI;DC;36669
36670SGI;DC;36670
36685SGI;DC;36685
36702SGI;DC;36702
3671VCT;VC;3671
3673VCFBA;VC;3673
3673VCI;VC;3673
36746SGI;DC;36746
36755SGI;DC;36755
36789SGI;DC;36789
3678VCT;VC;3678
36796SGI;DC;36796
3679VCT;VC;3679
36806SGI;DC;36806
36819SGI;DC;36819
36820SGRI;SG;36820
36821SGRI;SG;36821
36844SGI;DC;36844
36848SGRI;SG;36848
36852SGRI;SG;36852
36854SGRI;SG;36854
36855SGRI;SG;36855
36857SGRI;SG;36857
36870SGRI;SG;36870
36876SGI;DC;36876
3687VCT;VC;3687
36900SGI;DC;36900
36904SGI;DC;36904
36915SGRI;SG;36915
36925SGI;DC;36925
36928SGI;DC;36928
36929SGI;DC;36929
3693VCT;VC;3693
36944SGI;DC;36944
36954SGRI;SG;36954
36955SGRI;SG;36955
36957SGRI;SG;36957
36971SGI;DC;36971
36975SGI;DC;36975
36982SGI;DC;36982
3701VCT;VC;3701
37035SGRI;SG;37035
37044SGRI;SG;37044
37048SGRI;SG;37048
37055SGI;DC;37055
37068SGI;DC;37068
37074SGI;DC;37074
37126SGI;DC;37126
37130SGRI;SG;37130
37132SGRI;SG;37132
37133SGRI;SG;37133
37138SGI;DC;37138
37139SGI;DC;37139
37156SGRI;SG;37156
37162SGRI;SG;37162
37163SGRI;SG;37163
37164SGRI;SG;37164
37165SGRI;SG;37165
37168SGRI;SG;37168
37174SGRI;SG;37174
37179SGRI;SG;37179
37180SGRI;SG;37180
37184SGRI;SG;37184
37185SGRI;SG;37185
37188SGRI;SG;37188
37189SGI;DC;37189
37190SGRI;SG;37190
37192SGRI;SG;37192
37193SGRI;SG;37193
37194SGRI;SG;37194
37195SGRI;SG;37195
37198SGI;DC;37198
37199SGI;DC;37199
37204SGI;DC;37204
37208SGI;DC;37208
37209SGI;DC;37209
37210SGI;DC;37210
37213SGI;DC;37213
37216SGRI;SG;37216
37219SGI;DC;37219
37223SGI;DC;37223
37224SGI;DC;37224
37229SGRI;SG;37229
37230SGRI;SG;37230
37254SGI;DC;37254
37258SGRI;SG;37258
37259SGRI;SG;37259
37319SGRI;SG;37319
37325SGRI;SG;37325
37326SGI;DC;37326
37336SGI;DC;37336
37339SGI;DC;37339
3733VCT;VC;3733
37346SGI;DC;37346
37358SGI;DC;37358
37359SGI;DC;37359
37360SGRI;SG;37360
37362SGI;DC;37362
37366SGI;DC;37366
37369SGI;DC;37369
37376SGI;DC;37376
37396SGI;DC;37396
37404SGRI;SG;37404
37416SGI;DC;37416
37431SGI;DC;37431
37443SGI;DC;37443
37446SGI;DC;37446
37456SGI;DC;37456
3747VCT;VC;3747
37493SGRI;SG;37493
3753VCI;VC;3753
37547SGI;DC;37547
37583SGRI;SG;37583
37584SGI;DC;37584
37585SGRI;SG;37585
37588SGI;DC;37588
37589SGI;DC;37589
37590SGI;DC;37590
37591SGI;DC;37591
37592SGI;DC;37592
37593SGI;DC;37593
37594SGI;DC;37594
37595SGI;DC;37595
37599SGI;DC;37599
37608SGI;DC;37608
37609SGI;DC;37609
3760VCT;VC;3760
37610SGI;DC;37610
37612SGI;DC;37612
37613SGRI;SG;37613
37614SGRI;SG;37614
37623SGI;DC;37623
37626SGI;DC;37626
37629SGRI;SG;37629
3763VCT;VC;3763
37642SGI;DC;37642
37646SGI;DC;37646
37656SGI;DC;37656
37658SGRI;SG;37658
37665SGI;DC;37665
37666SGI;DC;37666
37670SGI;DC;37670
37676SGI;DC;37676
37698SGRI;SG;37698
37699SGRI;SG;37699
37700SGRI;SG;37700
37709SGRI;SG;37709
37710SGRI;SG;37710
37711SGRI;SG;37711
37712SGRI;SG;37712
37713SGRI;SG;37713
37714SGRI;SG;37714
37724SGRI;SG;37724
37734SGRI;SG;37734
3773VCT;VC;3773
37776SGI;DC;37776
37785SGRI;SG;37785
37788SGRI;SG;37788
37789SGRI;SG;37789
37793SGRI;SG;37793
37794SGRI;SG;37794
37816SGI;DC;37816
37820SGI;DC;37820
37822SGRI;SG;37822
37833SGI;DC;37833
37835SGI;DC;37835
37836SGI;DC;37836
37841SGI;DC;37841
37846SGI;DC;37846
37849SGI;DC;37849
37850SGRI;SG;37850
37852SGRI;SG;37852
37853SGRI;SG;37853
37855SGRI;SG;37855
37856SGRI;SG;37856
37858SGRI;SG;37858
37863SGRI;SG;37863
37866SGRI;SG;37866
37868SGRI;SG;37868
3786VCI;VC;3786
37876SGI;DC;37876
37885SGI;DC;37885
37886SGI;DC;37886
37893SGI;DC;37893
37899SGRI;SG;37899
3789VCT;VC;3789
37901SGRI;SG;37901
37905SGRI;SG;37905
37916SGI;DC;37916
37918SGI;DC;37918
37919SGI;DC;37919
37920SGI;DC;37920
37924SGI;DC;37924
37925SGI;DC;37925
37926SGI;DC;37926
37928SGI;DC;37928
37929SGI;DC;37929
37930SGI;DC;37930
37932SGI;DC;37932
37933SGI;DC;37933
37934SGI;DC;37934
37935SGI;DC;37935
3794VCT;VC;3794
37956SGI;DC;37956
37964SGI;DC;37964
37966SGI;DC;37966
37976SGRI;SG;37976
37978SGRI;SG;37978
37979SGRI;SG;37979
37980SGRI;SG;37980
37981SGRI;SG;37981
37982SGRI;SG;37982
37983SGRI;SG;37983
37985SGRI;SG;37985
37986SGI;DC;37986
37988SGRI;SG;37988
37989SGRI;SG;37989
37990SGRI;SG;37990
37992SGRI;SG;37992
37993SGRI;SG;37993
3808VCT;VC;3808
3810VCT;VC;3810
3811VCT;VC;3811
3812VCI;VC;3812
3815VCT;VC;3815
3822VCT;VC;3822
38250SGI;DC;38250
38251SGI;DC;38251
38258SGI;DC;38258
3826VCT;VC;3826
38274SGRI;SG;38274
38276SGI;DC;38276
38282SGI;DC;38282
38283SGI;DC;38283
38296SGI;DC;38296
38302SGI;DC;38302
38303SGI;DC;38303
38304SGI;DC;38304
38305SGI;DC;38305
38308SGI;DC;38308
38312SGRI;SG;38312
38319SGI;DC;38319
38320SGI;DC;38320
38321SGI;DC;38321
38328SGI;DC;38328
38329SGI;DC;38329
3832VCT;VC;3832
38334SGRI;SG;38334
38335SGI;DC;38335
38336SGI;DC;38336
38339SGRI;SG;38339
3833VCT;VC;3833
38342SGRI;SG;38342
38396SGI;DC;38396
38436SGI;DC;38436
38517SGI;DC;38517
38912SGRI;SG;38912
38913SGRI;SG;38913
38914SGRI;SG;38914
38915SGRI;SG;38915
38918SGRI;SG;38918
38919SGRI;SG;38919
38920SGRI;SG;38920
38922SGRI;SG;38922
38923SGRI;SG;38923
38924SGRI;SG;38924
38925SGRI;SG;38925
38928SGRI;SG;38928
38929SGRI;SG;38929
38930SGRI;SG;38930
38931SGRI;SG;38931
38932SGRI;SG;38932
38956SGI;DC;38956
38966SGI;DC;38966
38974SGI;DC;38974
38986SGI;DC;38986
38996SGI;DC;38996
38997SGI;DC;38997
39029SGRI;SG;39029
39030SGRI;SG;39030
39044SGI;DC;39044
39058SGI;DC;39058
39066SGI;DC;39066
39068SGRI;SG;39068
39075SGI;DC;39075
39076SGI;DC;39076
39079SGI;DC;39079
39082SGI;DC;39082
39084SGI;DC;39084
39085SGI;DC;39085
39086SGI;DC;39086
39088SGI;DC;39088
39090SGI;DC;39090
39092SGI;DC;39092
39093SGI;DC;39093
39094SGI;DC;39094
39095SGI;DC;39095
39096SGI;DC;39096
39098SGI;DC;39098
39099SGI;DC;39099
39102SGI;DC;39102
39103SGI;DC;39103
39106SGI;DC;39106
39135SGI;DC;39135
39136SGI;DC;39136
39138SGI;DC;39138
39139SGI;DC;39139
39140SGI;DC;39140
39142SGI;DC;39142
39143SGI;DC;39143
39144SGI;DC;39144
39145SGI;DC;39145
39146SGI;DC;39146
39148SGI;DC;39148
39149SGI;DC;39149
39150SGI;DC;39150
39152SGI;DC;39152
39153SGI;DC;39153
39154SGI;DC;39154
39155SGI;DC;39155
39156SGI;DC;39156
39158SGI;DC;39158
39159SGI;DC;39159
39160SGI;DC;39160
39162SGI;DC;39162
39163SGI;DC;39163
39164SGI;DC;39164
39165SGI;DC;39165
39166SGI;DC;39166
39168SGI;DC;39168
39169SGI;DC;39169
39170SGI;DC;39170
39172SGI;DC;39172
39173SGI;DC;39173
39174SGI;DC;39174
39175SGI;DC;39175
39176SGI;DC;39176
39178SGI;DC;39178
39179SGI;DC;39179
39180SGI;DC;39180
39182SGI;DC;39182
39183SGI;DC;39183
39184SGI;DC;39184
39185SGI;DC;39185
39188SGI;DC;39188
39190SGI;DC;39190
39192SGRI;SG;39192
39193SGRI;SG;39193
39195SGRIFBA;SG;39195
39199SGRI;SG;39199
39200SGRI;SG;39200
39226SGI;DC;39226
39264SGI;DC;39264
39265SGRI;SG;39265
39284SGRI;SG;39284
39285SGRI;SG;39285
39286SGRI;SG;39286
39296SGI;DC;39296
39306SGI;DC;39306
39309SGI;DC;39309
39340SGI;DC;39340
39349SGI;DC;39349
39358SGI;DC;39358
39361SGI;DC;39361
39362SGI;DC;39362
39379SGI;DC;39379
39380SGI;DC;39380
39381SGI;DC;39381
39382SGI;DC;39382
39386SGI;DC;39386
39398SGI;DC;39398
39399SGI;DC;39399
39402SGI;DC;39402
39403SGI;DC;39403
39404SGI;DC;39404
39405SGI;DC;39405
39410SGI;DC;39410
39412SGI;DC;39412
39413SGI;DC;39413
39414SGI;DC;39414
39415SGI;DC;39415
39416SGI;DC;39416
39418SGI;DC;39418
39419SGI;DC;39419
39420SGI;DC;39420
39421SGI;DC;39421
39422SGI;DC;39422
39423SGI;DC;39423
39429SGRI;SG;39429
39433SGI;DC;39433
39435SGI;DC;39435
39436SGI;DC;39436
39475SGI;DC;39475
39476SGI;DC;39476
39483SGI;DC;39483
39506SGI;DC;39506
39529SGI;DC;39529
39558SGI;DC;39558
39562SGRI;SG;39562
39564SGI;DC;39564
39565SGI;DC;39565
39573SGI;DC;39573
39585SGRI;SG;39585
39588SGRI;SG;39588
39590SGRI;SG;39590
39603SGI;DC;39603
39604SGI;DC;39604
39606SGI;DC;39606
39620SGI;DC;39620
39621SGI;DC;39621
39624SGI;DC;39624
39625SGI;DC;39625
39628SGI;DC;39628
39645SGI;DC;39645
39666SGI;DC;39666
39694SGI;DC;39694
39703SGI;DC;39703
39729SGRI;SG;39729
39734SGI;DC;39734
39742SGI;DC;39742
39745SGI;DC;39745
39747SGI;DC;39747
39755SGI;DC;39755
39760SGI;DC;39760
39767SGI;DC;39767
39771SGI;DC;39771
39773SGI;DC;39773
39774SGI;DC;39774
39776SGI;DC;39776
39777SGI;DC;39777
39815SGI;DC;39815
39825SGI;DC;39825
39875SGRI;SG;39875
39878SGRI;SG;39878
39886SGRI;SG;39886
39888SGRI;SG;39888
39899SGI;DC;39899
39909SGI;DC;39909
39923SGI;DC;39923
39929SGI;DC;39929
39939SGI;DC;39939
39955SGRI;SG;39955
39970SGI;DC;39970
39973SGI;DC;39973
39974SGI;DC;39974
39976SGI;DC;39976
39978SGI;DC;39978
39980SGRI;SG;39980
39981SGI;DC;39981
39985SGI;DC;39985
39988SGI;DC;39988
39993SGI;DC;39993
39995SGI;DC;39995
40027MDRG;MD;40027
40036SGI;DC;40036
40047SGI;DC;40047
40048SGI;DC;40048
40053MDRG;MD;40053
40056SGI;DC;40056
40064MDRG;MD;40064
40069SGI;DC;40069
40086SGI;DC;40086
40091SGI;DC;40091
40093SGI;DC;40093
40094SGI;DC;40094
40106SGI;DC;40106
40112SGI;DC;40112
40113SGI;DC;40113
40125SGI;DC;40125
40126SGI;DC;40126
40127SGI;DC;40127
40128SGI;DC;40128
40136SGI;DC;40136
40145SGI;DC;40145
40146SGI;DC;40146
40150SGI;DC;40150
40158SGI;DC;40158
40168SGI;DC;40168
40189SGI;DC;40189
40190SGI;DC;40190
40191SGI;DC;40191
40195SGI;DC;40195
40200SGI;DC;40200
40202SGI;DC;40202
40203SGI;DC;40203
40205SGI;DC;40205
40208SGI;DC;40208
40209SGI;DC;40209
40212SGI;DC;40212
40213SGI;DC;40213
40217SGI;DC;40217
40218SGI;DC;40218
40222SGI;DC;40222
40223SGI;DC;40223
40224SGI;DC;40224
40225SGI;DC;40225
40227SGI;DC;40227
40231SGI;DC;40231
40233SGI;DC;40233
40239SGI;DC;40239
40249SGI;DC;40249
40283SGI;DC;40283
40284SGI;DC;40284
40285SGI;DC;40285
40288SGI;DC;40288
40299SGI;DC;40299
40302SGI;DC;40302
40386SGI;DC;40386
40390SGI;DC;40390
40392SGI;DC;40392
40393SGI;DC;40393
40394SGI;DC;40394
40395MD;MD;40395
40398SGI;DC;40398
40404SGI;DC;40404
40406SGI;DC;40406
40408SGI;DC;40408
40409SGI;DC;40409
40416SGI;DC;40416
40451SGI;DC;40451
40476SGI;DC;40476
40498SGI;DC;40498
40499SGI;DC;40499
40504SGI;DC;40504
40505SGI;DC;40505
40511SGI;DC;40511
40512SGI;DC;40512
40547SGI;DC;40547
40586SGI;DC;40586
40598SGI;DC;40598
40599SGI;DC;40599
40610SGI;DC;40610
40645SGI;DC;40645
40655SGI;DC;40655
40656SGI;DC;40656
40658SGI;DC;40658
40659SGI;DC;40659
40666SGI;DC;40666
40668SGI;DC;40668
40674SGI;DC;40674
40675SGI;DC;40675
40677SGI;DC;40677
40690SGI;DC;40690
40699SGI;DC;40699
40700MD;MD;40700
40700SGI;DC;40700
40756SGI;DC;40756
40766SGI;DC;40766
40770SGI;DC;40770
40772SGI;DC;40772
40773SGI;DC;40773
40774SGI;DC;40774
40796SGI;DC;40796
40824SGI;DC;40824
40929SGI;DC;40929
40930SGI;DC;40930
40933MDRG;MD;40933
40934MDRG;MD;40934
40956SGI;DC;40956
40973MD;MD;40973
41020MD;MD;41020
41028MD;MD;41028
41057MD;MD;41057
41059MDRG;MD;41059
41094MDRG;MD;41094
41154MDRG;MD;41154
41171MDRG;MD;41171
41178MD;MD;41178
41184MD;MD;41184
41194SGI;DC;41194
41195SGI;DC;41195
41196SGI;DC;41196
41197MDRG;MD;41197
41198MDRG;MD;41198
41198SGI;DC;41198
41200MD;MD;41200
41200SGI;DC;41200
41202SGI;DC;41202
41204SGI;DC;41204
41205SGI;DC;41205
41230MDRG;MD;41230
41244MDRG;MD;41244
41269SGI;DC;41269
41283SGI;DC;41283
41292SGI;DC;41292
41303SGI;DC;41303
41309SGI;DC;41309
41338MDRG;MD;41338
41344MD;MD;41344
41353MD;MD;41353
41425MDRG;MD;41425
41482MD;MD;41482
41494MDRG;MD;41494
41495MDRG;MD;41495
41503MDRG;MD;41503
41540SGI;DC;41540
41541SGI;DC;41541
41542SGI;DC;41542
41543SGI;DC;41543
41544SGI;DC;41544
41545SGI;DC;41545
41577MD;MD;41577
41593MD;MD;41593
41605MD;MD;41605
41614MDRG;MD;41614
41618MDFBA;MD;41618
41643MD;MD;41643
41717MDRG;MD;41717
41726MDRG;MD;41726
41733MDRG;MD;41733
41735MDRG;MD;41735
41760MD;MD;41760
41763MD;MD;41763
41765MD;MD;41765
41769MD;MD;41769
41826MD;MD;41826
41827MD;MD;41827
41849MD;MD;41849
41937MDRG;MD;41937
41938MDRG;MD;41938
41939MDRG;MD;41939
41940MDRG;MD;41940
41942MDRG;MD;41942
41949MD;MD;41949
41967MDFBA;MD;41967
41989MD;MD;41989
42035MD;MD;42035
42061MD;MD;42061
42099MD;MD;42099
42116MD;MD;42116
42117MD;MD;42117
42119MD;MD;42119
42136MD;MD;42136
42181MD;MD;42181
42194MD;MD;42194
42214MD;MD;42214
42215MD;MD;42215
42222MD;MD;42222
42253MD;MD;42253
42254MD;MD;42254
42289MD;MD;42289
42292MD;MD;42292
42298MD;MD;42298
42306MD;MD;42306
42307MD;MD;42307
42308MD;MD;42308
42309MD;MD;42309
42310MD;MD;42310
42314MD;MD;42314
42341MD;MD;42341
42342MD;MD;42342
42346MD;MD;42346
42378MD;MD;42378
42381MD;MD;42381
42413MD;MD;42413
42415MD;MD;42415
42417MD;MD;42417
42418MD;MD;42418
42419MD;MD;42419
42422MD;MD;42422
42445MD;MD;42445
42505MD;MD;42505
42506MD;MD;42506
42515MD;MD;42515
42516MD;MD;42516
42517MD;MD;42517
42518MD;MD;42518
42519MD;MD;42519
42522MD;MD;42522
42529MD;MD;42529
42540MD;MD;42540
42541MD;MD;42541
42563MD;MD;42563
42591MD;MD;42591
42595MD;MD;42595
42614MD;MD;42614
42616MD;MD;42616
42641MD;MD;42641
42642MD;MD;42642
42677MD;MD;42677
42678MD;MD;42678
42679MD;MD;42679
42682MD;MD;42682
42685MD;MD;42685
42689MD;MD;42689
42722MD;MD;42722
42738MD;MD;42738
42745MD;MD;42745
42755MDFBA;MD;42755
42766MD;MD;42766
42771MD;MD;42771
42772MD;MD;42772
42773MD;MD;42773
42801MD;MD;42801
42802MD;MD;42802
42804MD;MD;42804
42809MD;MD;42809
42810MD;MD;42810
42812MD;MD;42812
42813MD;MD;42813
42820SGI;DC;42820
42822SGI;DC;42822
42823MD;MD;42823
42824MD;MD;42824
42825MD;MD;42825
42827MD;MD;42827
42828MD;MD;42828
42829MD;MD;42829
42830MD;MD;42830
42832MD;MD;42832
42833MD;MD;42833
42850MD;MD;42850
42872MD;MD;42872
42874MD;MD;42874
42885MD;MD;42885
42896MD;MD;42896
42897MD;MD;42897
42907MD;MD;42907
42910MD;MD;42910
42911MD;MD;42911
42920MD;MD;42920
42940MD;MD;42940
42947MD;MD;42947
42948MD;MD;42948
42949MD;MD;42949
45576SGI;DC;45576
45726SGI;DC;45726
4587VCT;VC;4587
4588VCI;VC;4588
45967SGI;DC;45967
465SGI;DC;465
4846VCT;VC;4846
4871VCT;VC;4871
4881VCI;VC;4881
4883VCT;VC;4883
4884VCT;VC;4884
4885VCT;VC;4885
4889VCT;VC;4889
4890VCFBA;VC;4890
4890VCT;VC;4890
4893VCT;VC;4893
4905VCT;VC;4905
4906VCT;VC;4906
4908VCT;VC;4908
4913VCI;VC;4913
4915VCT;VC;4915
4916VCT;VC;4916
4917VCFBA;VC;4917
4917VCT;VC;4917
50077SGI;DC;50077
50216SGI;DC;50216
5106VCFBA;VC;5106
5106VCT;VC;5106
5111VCT;VC;5111
5216SGI;DC;5216
524SGI;DC;524
5355VCT;VC;5355
5357VCT;VC;5357
535SGI;DC;535
5414VCI;VC;5414
5418VCT;VC;5418
5421VCT;VC;5421
5423VCT;VC;5423
5424VCT;VC;5424
5483RGVC;VC;5483
5484RGVC;VC;5484
5593VCI;VC;5593
5594VCT;VC;5594
5595VCI;VC;5595
5596VCT;VC;5596
5677VCT;VC;5677
5684VCI;VC;5684
5686VCI;VC;5686
5686VCT;VC;5686
5688VCI;VC;5688
5690VCT;VC;5690
5692VCT;VC;5692
5693VCI;VC;5693
5716VCI;VC;5716
5723VCI;VC;5723
5772SGI;DC;5772
58227SGI;DC;58227
58247SGI;DC;58247
5832VC;VC;5832
5945VCI;VC;5945
5946VCI;VC;5946
5949VCI;VC;5949
5956SGI;DC;5956
5967SGI;DC;5967
6002VCT;VC;6002
6005VCT;VC;6005
6006VCT;VC;6006
6010VCI;VC;6010
6011VCT;VC;6011
6021VCT;VC;6021
6024VCT;VC;6024
6026VCI;VC;6026
6030VCT;VC;6030
6032VCT;VC;6032
6033VCT;VC;6033
6035VCT;VC;6035
6036VCT;VC;6036
6041VCT;VC;6041
6062VCT;VC;6062
6066VCT;VC;6066
6067VCT;VC;6067
6070VCT;VC;6070
6143SGI;DC;6143
62167SGI;DC;62167
62216SGI;DC;62216
6416VC;VC;6416
6419VCT;VC;6419
6467VCI;VC;6467
6533VCT;VC;6533
6659VCT;VC;6659
6677VCT;VC;6677
6678VCT;VC;6678
6735VCT;VC;6735
6737VCI;VC;6737
68366SGI;DC;68366
7056VCI;VC;7056
7074VCI;VC;7074
7084VCI;VC;7084
7088VCI;VC;7088
7090VCI;VC;7090
7097RGVC;VC;7097
7098RGVC;VC;7098
7099RGVC;VC;7099
7277VCFBA;VC;7277
7279RGVC;VC;7279
7373VCI;VC;7373
77316SGI;DC;77316
77376SGI;DC;77376
7775VCI;VC;7775
7786VCI;VC;7786
7818VC;VC;7818
7876VCI;VC;7876
80977SGI;DC;80977
84166SGI;DC;84166
85286SGI;DC;85286
8622VCI;VC;8622
8641VCT;VC;8641
8657VCI;VC;8657
86617SGI;DC;86617
8663VCI;VC;8663
8664VCI;VC;8664
8665VCI;VC;8665
87156SGI;DC;87156
8748VCT;VC;8748
87817SGI;DC;87817
8829VCI;VC;8829
8898VCT;VC;8898
8900VCI;VC;8900
8911VCT;VC;8911
90126SGI;DC;90126
90156SGI;DC;90156
90216SGI;DC;90216
9191VCT;VC;9191
9230VCI;VC;9230
9244VCT;VC;9244
9281VCI;VC;9281
9325VCT;VC;9325
9335VCT;VC;9335
9338VCT;VC;9338
93816SGI;DC;93816
95546SGI;DC;95546
9593VCT;VC;9593
9594VCT;VC;9594
9595VCT;VC;9595
9596VCT;VC;9596
9597VCT;VC;9597
9598VCT;VC;9598
9606VCT;VC;9606
9607VCT;VC;9607
9608VCT;VC;9608
9610VCT;VC;9610
9611VCT;VC;9611
9634SG;SG;9634
9686VCT;VC;9686
9687VCT;VC;9687
9730VCT;VC;9730
9734VCT;VC;9734
9735VCT;VC;9735
9738VCI;VC;9738
9741VCI;VC;9741
9742VCT;VC;9742
9841VCI;VC;9841
9843VCI;VC;9843
9845VCI;VC;9845
9852VCT;VC;9852
9853VCT;VC;9853
9993VCI;VC;9993
2182976CLMFB;DC;2182976
22212051CLMRG;DC;22212051
2293555CLMSELLERPRIME;DC;2293555
2430135DCA;DC;2430135
2776484RGDC;DC;2776484
306794CLMS;DC;306794
37668RO-NARSGFBA;SG;37668
37668RO-ROSSGFBA;SG;37668
30940RGMDFBA;MD;30940
